
================================================================================
受信時刻: 2025-12-12 12:15:34
セッションID: 128 | 結果ID: 12
ユーザー: Gayagaya

【ライト設定】
  RGB: (255, 255, 255)
  輝度: 100%

【受信データ全体】
{
  "video_path": "/content/drive/MyDrive/concentration_training_data/video_20251212_021754.mp4",
  "summary": {
    "集中": 100.0,
    "眠気": 0.0,
    "寝落ち": 0.0
  },
  "avg_concentration": 0.9999963864684105,
  "num_predictions": 64,
  "results": [
    {
      "clip_idx": 2,
      "frame": 24,
      "time_sec": 2.4,
      "sleep_state": "集中",
      "sleep_class": 0,
      "sleep_probs": {
        "集中": 0.9956034421920776,
        "眠気": 0.0039735399186611176,
        "寝落ち": 0.0004229621263220906
      },
      "concentration": 0.9999799728393555
    },
    {
      "clip_idx": 3,
      "frame": 32,
      "time_sec": 3.2,
      "sleep_state": "集中",
      "sleep_class": 0,
      "sleep_probs": {
        "集中": 0.9978678226470947,
        "眠気": 0.001928442739881575,
        "寝落ち": 0.0002036989899352193
      },
      "concentration": 0.9999873638153076
    },
    {
      "clip_idx": 4,
      "frame": 40,
      "time_sec": 4.0,
      "sleep_state": "集中",
      "sleep_class": 0,
      "sleep_probs": {
        "集中": 0.9983049631118774,
        "眠気": 0.0015300868544727564,
        "寝落ち": 0.0001649778278078884
      },
      "concentration": 0.99998939037323
    },
    {
      "clip_idx": 5,
      "frame": 48,
      "time_sec": 4.8,
      "sleep_state": "集中",
      "sleep_class": 0,
      "sleep_probs": {
        "集中": 0.9986400008201599,
        "眠気": 0.0012229169951751828,
        "寝落ち": 0.00013701214629691094
      },
      "concentration": 0.9999915361404419
    },
    {
      "clip_idx": 6,
      "frame": 56,
      "time_sec": 5.6,
      "sleep_state": "集中",
      "sleep_class": 0,
      "sleep_probs": {
        "集中": 0.9992826581001282,
        "眠気": 0.0006498252623714507,
        "寝落ち": 6.752436456736177e-05
      },
      "concentration": 0.9999960660934448
    },
    {
      "clip_idx": 7,
      "frame": 64,
      "time_sec": 6.4,
      "sleep_state": "集中",
      "sleep_class": 0,
      "sleep_probs": {
        "集中": 0.9996720552444458,
        "眠気": 0.00029930713935755193,
        "寝落ち": 2.8635589842451736e-05
      },
      "concentration": 0.9999983310699463
    },
    {
      "clip_idx": 8,
      "frame": 72,
      "time_sec": 7.2,
      "sleep_state": "集中",
      "sleep_class": 0,
      "sleep_probs": {
        "集中": 0.9998074173927307,
        "眠気": 0.00017626732005737722,
        "寝落ち": 1.6341200534952804e-05
      },
      "concentration": 0.9999990463256836
    },
    {
      "clip_idx": 9,
      "frame": 80,
      "time_sec": 8.0,
      "sleep_state": "集中",
      "sleep_class": 0,
      "sleep_probs": {
        "集中": 0.9998724460601807,
        "眠気": 0.00011736161104636267,
        "寝落ち": 1.014846839098027e-05
      },
      "concentration": 0.9999992847442627
    },
    {
      "clip_idx": 10,
      "frame": 88,
      "time_sec": 8.8,
      "sleep_state": "集中",
      "sleep_class": 0,
      "sleep_probs": {
        "集中": 0.9998490810394287,
        "眠気": 0.00013788510113954544,
        "寝落ち": 1.2959699233761057e-05
      },
      "concentration": 0.9999991655349731
    },
    {
      "clip_idx": 11,
      "frame": 96,
      "time_sec": 9.6,
      "sleep_state": "集中",
      "sleep_class": 0,
      "sleep_probs": {
        "集中": 0.9998109936714172,
        "眠気": 0.00017142151773441583,
        "寝落ち": 1.7686834326013923e-05
      },
      "concentration": 0.9999990463256836
    },
    {
      "clip_idx": 12,
      "frame": 104,
      "time_sec": 10.4,
      "sleep_state": "集中",
      "sleep_class": 0,
      "sleep_probs": {
        "集中": 0.9997811913490295,
        "眠気": 0.00019778059504460543,
        "寝落ち": 2.1144131096662022e-05
      },
      "concentration": 0.999998927116394
    },
    {
      "clip_idx": 13,
      "frame": 112,
      "time_sec": 11.2,
      "sleep_state": "集中",
      "sleep_class": 0,
      "sleep_probs": {
        "集中": 0.9997509121894836,
        "眠気": 0.00022527281544171274,
        "寝落ち": 2.384947038081009e-05
      },
      "concentration": 0.9999986886978149
    },
    {
      "clip_idx": 14,
      "frame": 120,
      "time_sec": 12.0,
      "sleep_state": "集中",
      "sleep_class": 0,
      "sleep_probs": {
        "集中": 0.9997594952583313,
        "眠気": 0.00021824261057190597,
        "寝落ち": 2.229835263278801e-05
      },
      "concentration": 0.9999988079071045
    },
    {
      "clip_idx": 15,
      "frame": 128,
      "time_sec": 12.8,
      "sleep_state": "集中",
      "sleep_class": 0,
      "sleep_probs": {
        "集中": 0.9997358918190002,
        "眠気": 0.000239904664340429,
        "寝落ち": 2.423676778562367e-05
      },
      "concentration": 0.9999985694885254
    },
    {
      "clip_idx": 16,
      "frame": 136,
      "time_sec": 13.6,
      "sleep_state": "集中",
      "sleep_class": 0,
      "sleep_probs": {
        "集中": 0.9997757077217102,
        "眠気": 0.00020554443472065032,
        "寝落ち": 1.875186171673704e-05
      },
      "concentration": 0.9999988079071045
    },
    {
      "clip_idx": 17,
      "frame": 144,
      "time_sec": 14.4,
      "sleep_state": "集中",
      "sleep_class": 0,
      "sleep_probs": {
        "集中": 0.999697208404541,
        "眠気": 0.00027625009533949196,
        "寝落ち": 2.6519288439885713e-05
      },
      "concentration": 0.9999980926513672
    },
    {
      "clip_idx": 18,
      "frame": 152,
      "time_sec": 15.2,
      "sleep_state": "集中",
      "sleep_class": 0,
      "sleep_probs": {
        "集中": 0.9996097683906555,
        "眠気": 0.0003552385023795068,
        "寝落ち": 3.507397559587844e-05
      },
      "concentration": 0.999997615814209
    },
    {
      "clip_idx": 19,
      "frame": 160,
      "time_sec": 16.0,
      "sleep_state": "集中",
      "sleep_class": 0,
      "sleep_probs": {
        "集中": 0.9996697902679443,
        "眠気": 0.00030242331558838487,
        "寝落ち": 2.7802241675090045e-05
      },
      "concentration": 0.9999979734420776
    },
    {
      "clip_idx": 20,
      "frame": 168,
      "time_sec": 16.8,
      "sleep_state": "集中",
      "sleep_class": 0,
      "sleep_probs": {
        "集中": 0.9997333884239197,
        "眠気": 0.0002448353043291718,
        "寝落ち": 2.1830675905221142e-05
      },
      "concentration": 0.9999983310699463
    },
    {
      "clip_idx": 21,
      "frame": 176,
      "time_sec": 17.6,
      "sleep_state": "集中",
      "sleep_class": 0,
      "sleep_probs": {
        "集中": 0.9997460246086121,
        "眠気": 0.00023309986863750964,
        "寝落ち": 2.0856323317275383e-05
      },
      "concentration": 0.9999983310699463
    },
    {
      "clip_idx": 22,
      "frame": 184,
      "time_sec": 18.4,
      "sleep_state": "集中",
      "sleep_class": 0,
      "sleep_probs": {
        "集中": 0.999731719493866,
        "眠気": 0.0002461053663864732,
        "寝落ち": 2.2136429834063165e-05
      },
      "concentration": 0.9999983310699463
    },
    {
      "clip_idx": 23,
      "frame": 192,
      "time_sec": 19.2,
      "sleep_state": "集中",
      "sleep_class": 0,
      "sleep_probs": {
        "集中": 0.9996790885925293,
        "眠気": 0.0002934968506451696,
        "寝落ち": 2.745236997725442e-05
      },
      "concentration": 0.9999978542327881
    },
    {
      "clip_idx": 24,
      "frame": 200,
      "time_sec": 20.0,
      "sleep_state": "集中",
      "sleep_class": 0,
      "sleep_probs": {
        "集中": 0.9996660947799683,
        "眠気": 0.000305112567730248,
        "寝落ち": 2.8821559681091458e-05
      },
      "concentration": 0.9999978542327881
    },
    {
      "clip_idx": 25,
      "frame": 208,
      "time_sec": 20.8,
      "sleep_state": "集中",
      "sleep_class": 0,
      "sleep_probs": {
        "集中": 0.9996936321258545,
        "眠気": 0.0002801290829665959,
        "寝落ち": 2.6248506401316263e-05
      },
      "concentration": 0.9999980926513672
    },
    {
      "clip_idx": 26,
      "frame": 216,
      "time_sec": 21.6,
      "sleep_state": "集中",
      "sleep_class": 0,
      "sleep_probs": {
        "集中": 0.9996469020843506,
        "眠気": 0.0003221401711925864,
        "寝落ち": 3.094900966971181e-05
      },
      "concentration": 0.9999977350234985
    },
    {
      "clip_idx": 27,
      "frame": 224,
      "time_sec": 22.4,
      "sleep_state": "集中",
      "sleep_class": 0,
      "sleep_probs": {
        "集中": 0.9995833039283752,
        "眠気": 0.00037904331111349165,
        "寝落ち": 3.766633744817227e-05
      },
      "concentration": 0.9999972581863403
    },
    {
      "clip_idx": 28,
      "frame": 232,
      "time_sec": 23.2,
      "sleep_state": "集中",
      "sleep_class": 0,
      "sleep_probs": {
        "集中": 0.9995573163032532,
        "眠気": 0.00040229829028248787,
        "寝落ち": 4.035603706142865e-05
      },
      "concentration": 0.9999971389770508
    },
    {
      "clip_idx": 29,
      "frame": 240,
      "time_sec": 24.0,
      "sleep_state": "集中",
      "sleep_class": 0,
      "sleep_probs": {
        "集中": 0.9994833469390869,
        "眠気": 0.00046814896631985903,
        "寝落ち": 4.843946226174012e-05
      },
      "concentration": 0.9999966621398926
    },
    {
      "clip_idx": 30,
      "frame": 248,
      "time_sec": 24.8,
      "sleep_state": "集中",
      "sleep_class": 0,
      "sleep_probs": {
        "集中": 0.999472439289093,
        "眠気": 0.00047814715071581304,
        "寝落ち": 4.948152491124347e-05
      },
      "concentration": 0.9999966621398926
    },
    {
      "clip_idx": 31,
      "frame": 256,
      "time_sec": 25.6,
      "sleep_state": "集中",
      "sleep_class": 0,
      "sleep_probs": {
        "集中": 0.9994254112243652,
        "眠気": 0.0005206310306675732,
        "寝落ち": 5.392780440161005e-05
      },
      "concentration": 0.9999963045120239
    },
    {
      "clip_idx": 32,
      "frame": 264,
      "time_sec": 26.4,
      "sleep_state": "集中",
      "sleep_class": 0,
      "sleep_probs": {
        "集中": 0.9993698000907898,
        "眠気": 0.0005705159273929894,
        "寝落ち": 5.971436985419132e-05
      },
      "concentration": 0.9999959468841553
    },
    {
      "clip_idx": 33,
      "frame": 272,
      "time_sec": 27.2,
      "sleep_state": "集中",
      "sleep_class": 0,
      "sleep_probs": {
        "集中": 0.9994059801101685,
        "眠気": 0.0005380570655688643,
        "寝落ち": 5.6001099437708035e-05
      },
      "concentration": 0.9999963045120239
    },
    {
      "clip_idx": 34,
      "frame": 280,
      "time_sec": 28.0,
      "sleep_state": "集中",
      "sleep_class": 0,
      "sleep_probs": {
        "集中": 0.9993711113929749,
        "眠気": 0.0005692525883205235,
        "寝落ち": 5.96793761360459e-05
      },
      "concentration": 0.9999960660934448
    },
    {
      "clip_idx": 35,
      "frame": 288,
      "time_sec": 28.8,
      "sleep_state": "集中",
      "sleep_class": 0,
      "sleep_probs": {
        "集中": 0.9993627667427063,
        "眠気": 0.0005776216275990009,
        "寝落ち": 5.954783773631789e-05
      },
      "concentration": 0.9999960660934448
    },
    {
      "clip_idx": 36,
      "frame": 296,
      "time_sec": 29.6,
      "sleep_state": "集中",
      "sleep_class": 0,
      "sleep_probs": {
        "集中": 0.9993996620178223,
        "眠気": 0.0005453245830722153,
        "寝落ち": 5.498362224898301e-05
      },
      "concentration": 0.9999963045120239
    },
    {
      "clip_idx": 37,
      "frame": 304,
      "time_sec": 30.4,
      "sleep_state": "集中",
      "sleep_class": 0,
      "sleep_probs": {
        "集中": 0.9994995594024658,
        "眠気": 0.0004563249531202018,
        "寝落ち": 4.409933171700686e-05
      },
      "concentration": 0.9999969005584717
    },
    {
      "clip_idx": 38,
      "frame": 312,
      "time_sec": 31.2,
      "sleep_state": "集中",
      "sleep_class": 0,
      "sleep_probs": {
        "集中": 0.9995625615119934,
        "眠気": 0.0003993627324234694,
        "寝落ち": 3.8057100027799606e-05
      },
      "concentration": 0.9999972581863403
    },
    {
      "clip_idx": 39,
      "frame": 320,
      "time_sec": 32.0,
      "sleep_state": "集中",
      "sleep_class": 0,
      "sleep_probs": {
        "集中": 0.9995951056480408,
        "眠気": 0.00036956756957806647,
        "寝落ち": 3.535616269800812e-05
      },
      "concentration": 0.9999974966049194
    },
    {
      "clip_idx": 40,
      "frame": 328,
      "time_sec": 32.8,
      "sleep_state": "集中",
      "sleep_class": 0,
      "sleep_probs": {
        "集中": 0.9995203018188477,
        "眠気": 0.00043653667671605945,
        "寝落ち": 4.3117957829963416e-05
      },
      "concentration": 0.9999967813491821
    },
    {
      "clip_idx": 41,
      "frame": 336,
      "time_sec": 33.6,
      "sleep_state": "集中",
      "sleep_class": 0,
      "sleep_probs": {
        "集中": 0.9994687438011169,
        "眠気": 0.000483295792946592,
        "寝落ち": 4.803961928701028e-05
      },
      "concentration": 0.9999964237213135
    },
    {
      "clip_idx": 42,
      "frame": 344,
      "time_sec": 34.4,
      "sleep_state": "集中",
      "sleep_class": 0,
      "sleep_probs": {
        "集中": 0.9995250701904297,
        "眠気": 0.00043292847112752497,
        "寝落ち": 4.2118728742934763e-05
      },
      "concentration": 0.9999969005584717
    },
    {
      "clip_idx": 43,
      "frame": 352,
      "time_sec": 35.2,
      "sleep_state": "集中",
      "sleep_class": 0,
      "sleep_probs": {
        "集中": 0.999548614025116,
        "眠気": 0.000411661749240011,
        "寝落ち": 3.9708327676635236e-05
      },
      "concentration": 0.9999970197677612
    },
    {
      "clip_idx": 44,
      "frame": 360,
      "time_sec": 36.0,
      "sleep_state": "集中",
      "sleep_class": 0,
      "sleep_probs": {
        "集中": 0.9995738863945007,
        "眠気": 0.0003888333449140191,
        "寝落ち": 3.728180308826268e-05
      },
      "concentration": 0.9999972581863403
    },
    {
      "clip_idx": 45,
      "frame": 368,
      "time_sec": 36.8,
      "sleep_state": "集中",
      "sleep_class": 0,
      "sleep_probs": {
        "集中": 0.9996616840362549,
        "眠気": 0.0003097871958743781,
        "寝落ち": 2.8522566935862415e-05
      },
      "concentration": 0.9999978542327881
    },
    {
      "clip_idx": 46,
      "frame": 376,
      "time_sec": 37.6,
      "sleep_state": "集中",
      "sleep_class": 0,
      "sleep_probs": {
        "集中": 0.9996987581253052,
        "眠気": 0.0002762837102636695,
        "寝落ち": 2.4976143322419375e-05
      },
      "concentration": 0.9999980926513672
    },
    {
      "clip_idx": 47,
      "frame": 384,
      "time_sec": 38.4,
      "sleep_state": "集中",
      "sleep_class": 0,
      "sleep_probs": {
        "集中": 0.9997387528419495,
        "眠気": 0.00023969677567947656,
        "寝落ち": 2.1540536181419156e-05
      },
      "concentration": 0.9999984502792358
    },
    {
      "clip_idx": 48,
      "frame": 392,
      "time_sec": 39.2,
      "sleep_state": "集中",
      "sleep_class": 0,
      "sleep_probs": {
        "集中": 0.9997957348823547,
        "眠気": 0.0001878258481156081,
        "寝落ち": 1.6433841665275395e-05
      },
      "concentration": 0.9999988079071045
    },
    {
      "clip_idx": 49,
      "frame": 400,
      "time_sec": 40.0,
      "sleep_state": "集中",
      "sleep_class": 0,
      "sleep_probs": {
        "集中": 0.9997830986976624,
        "眠気": 0.00019905388762708753,
        "寝落ち": 1.782838808139786e-05
      },
      "concentration": 0.9999986886978149
    },
    {
      "clip_idx": 50,
      "frame": 408,
      "time_sec": 40.8,
      "sleep_state": "集中",
      "sleep_class": 0,
      "sleep_probs": {
        "集中": 0.9997307658195496,
        "眠気": 0.00024575754650868475,
        "寝落ち": 2.3525597498519346e-05
      },
      "concentration": 0.9999983310699463
    },
    {
      "clip_idx": 51,
      "frame": 416,
      "time_sec": 41.6,
      "sleep_state": "集中",
      "sleep_class": 0,
      "sleep_probs": {
        "集中": 0.9996708631515503,
        "眠気": 0.0002993730013258755,
        "寝落ち": 2.9742068363702856e-05
      },
      "concentration": 0.9999979734420776
    },
    {
      "clip_idx": 52,
      "frame": 424,
      "time_sec": 42.4,
      "sleep_state": "集中",
      "sleep_class": 0,
      "sleep_probs": {
        "集中": 0.9996976852416992,
        "眠気": 0.0002764072851277888,
        "寝落ち": 2.5947534595616162e-05
      },
      "concentration": 0.9999982118606567
    },
    {
      "clip_idx": 53,
      "frame": 432,
      "time_sec": 43.2,
      "sleep_state": "集中",
      "sleep_class": 0,
      "sleep_probs": {
        "集中": 0.9997100234031677,
        "眠気": 0.00026541476836428046,
        "寝落ち": 2.4604873033240438e-05
      },
      "concentration": 0.9999982118606567
    },
    {
      "clip_idx": 54,
      "frame": 440,
      "time_sec": 44.0,
      "sleep_state": "集中",
      "sleep_class": 0,
      "sleep_probs": {
        "集中": 0.9997456669807434,
        "眠気": 0.00023294021957553923,
        "寝落ち": 2.1309411749825813e-05
      },
      "concentration": 0.9999984502792358
    },
    {
      "clip_idx": 55,
      "frame": 448,
      "time_sec": 44.8,
      "sleep_state": "集中",
      "sleep_class": 0,
      "sleep_probs": {
        "集中": 0.9997028708457947,
        "眠気": 0.0002716934832278639,
        "寝落ち": 2.536988176871091e-05
      },
      "concentration": 0.9999980926513672
    },
    {
      "clip_idx": 56,
      "frame": 456,
      "time_sec": 45.6,
      "sleep_state": "集中",
      "sleep_class": 0,
      "sleep_probs": {
        "集中": 0.99965500831604,
        "眠気": 0.0003151482669636607,
        "寝落ち": 2.983380909427069e-05
      },
      "concentration": 0.9999977350234985
    },
    {
      "clip_idx": 57,
      "frame": 464,
      "time_sec": 46.4,
      "sleep_state": "集中",
      "sleep_class": 0,
      "sleep_probs": {
        "集中": 0.9996234178543091,
        "眠気": 0.00034359583514742553,
        "寝落ち": 3.301438482594676e-05
      },
      "concentration": 0.999997615814209
    },
    {
      "clip_idx": 58,
      "frame": 472,
      "time_sec": 47.2,
      "sleep_state": "集中",
      "sleep_class": 0,
      "sleep_probs": {
        "集中": 0.9992055296897888,
        "眠気": 0.0007146343705244362,
        "寝落ち": 7.981523231137544e-05
      },
      "concentration": 0.999994158744812
    },
    {
      "clip_idx": 59,
      "frame": 480,
      "time_sec": 48.0,
      "sleep_state": "集中",
      "sleep_class": 0,
      "sleep_probs": {
        "集中": 0.9988607168197632,
        "眠気": 0.001017312053591013,
        "寝落ち": 0.0001219116456923075
      },
      "concentration": 0.9999923706054688
    },
    {
      "clip_idx": 60,
      "frame": 488,
      "time_sec": 48.8,
      "sleep_state": "集中",
      "sleep_class": 0,
      "sleep_probs": {
        "集中": 0.9987455606460571,
        "眠気": 0.0011230668751522899,
        "寝落ち": 0.00013132893946021795
      },
      "concentration": 0.9999918937683105
    },
    {
      "clip_idx": 61,
      "frame": 496,
      "time_sec": 49.6,
      "sleep_state": "集中",
      "sleep_class": 0,
      "sleep_probs": {
        "集中": 0.9985787868499756,
        "眠気": 0.001278149662539363,
        "寝落ち": 0.0001430752599844709
      },
      "concentration": 0.9999905824661255
    },
    {
      "clip_idx": 62,
      "frame": 504,
      "time_sec": 50.4,
      "sleep_state": "集中",
      "sleep_class": 0,
      "sleep_probs": {
        "集中": 0.9980210065841675,
        "眠気": 0.0017673092661425471,
        "寝落ち": 0.00021170033141970634
      },
      "concentration": 0.9999865293502808
    },
    {
      "clip_idx": 63,
      "frame": 512,
      "time_sec": 51.2,
      "sleep_state": "集中",
      "sleep_class": 0,
      "sleep_probs": {
        "集中": 0.9984062314033508,
        "眠気": 0.0014334655134007335,
        "寝落ち": 0.00016032364510465413
      },
      "concentration": 0.9999904632568359
    },
    {
      "clip_idx": 64,
      "frame": 520,
      "time_sec": 52.0,
      "sleep_state": "集中",
      "sleep_class": 0,
      "sleep_probs": {
        "集中": 0.9992045760154724,
        "眠気": 0.0007260377751663327,
        "寝落ち": 6.940852472325787e-05
      },
      "concentration": 0.9999955892562866
    },
    {
      "clip_idx": 65,
      "frame": 528,
      "time_sec": 52.8,
      "sleep_state": "集中",
      "sleep_class": 0,
      "sleep_probs": {
        "集中": 0.999444305896759,
        "眠気": 0.0005084403674118221,
        "寝落ち": 4.734909816761501e-05
      },
      "concentration": 0.9999966621398926
    }
  ]
}
================================================================================

================================================================================
受信時刻: 2025-12-12 12:18:31
セッションID: 129 | 結果ID: 13
ユーザー: Gayagaya

【ライト設定】
  RGB: (255, 255, 255)
  輝度: 100%

【受信データ全体】
{
  "video_path": "/content/drive/MyDrive/concentration_training_data/video_20251212_021754.mp4",
  "summary": {
    "集中": 100.0,
    "眠気": 0.0,
    "寝落ち": 0.0
  },
  "avg_concentration": 0.9999963864684105,
  "num_predictions": 64,
  "results": [
    {
      "clip_idx": 2,
      "frame": 24,
      "time_sec": 2.4,
      "sleep_state": "集中",
      "sleep_class": 0,
      "sleep_probs": {
        "集中": 0.9956034421920776,
        "眠気": 0.0039735399186611176,
        "寝落ち": 0.0004229621263220906
      },
      "concentration": 0.9999799728393555
    },
    {
      "clip_idx": 3,
      "frame": 32,
      "time_sec": 3.2,
      "sleep_state": "集中",
      "sleep_class": 0,
      "sleep_probs": {
        "集中": 0.9978678226470947,
        "眠気": 0.001928442739881575,
        "寝落ち": 0.0002036989899352193
      },
      "concentration": 0.9999873638153076
    },
    {
      "clip_idx": 4,
      "frame": 40,
      "time_sec": 4.0,
      "sleep_state": "集中",
      "sleep_class": 0,
      "sleep_probs": {
        "集中": 0.9983049631118774,
        "眠気": 0.0015300868544727564,
        "寝落ち": 0.0001649778278078884
      },
      "concentration": 0.99998939037323
    },
    {
      "clip_idx": 5,
      "frame": 48,
      "time_sec": 4.8,
      "sleep_state": "集中",
      "sleep_class": 0,
      "sleep_probs": {
        "集中": 0.9986400008201599,
        "眠気": 0.0012229169951751828,
        "寝落ち": 0.00013701214629691094
      },
      "concentration": 0.9999915361404419
    },
    {
      "clip_idx": 6,
      "frame": 56,
      "time_sec": 5.6,
      "sleep_state": "集中",
      "sleep_class": 0,
      "sleep_probs": {
        "集中": 0.9992826581001282,
        "眠気": 0.0006498252623714507,
        "寝落ち": 6.752436456736177e-05
      },
      "concentration": 0.9999960660934448
    },
    {
      "clip_idx": 7,
      "frame": 64,
      "time_sec": 6.4,
      "sleep_state": "集中",
      "sleep_class": 0,
      "sleep_probs": {
        "集中": 0.9996720552444458,
        "眠気": 0.00029930713935755193,
        "寝落ち": 2.8635589842451736e-05
      },
      "concentration": 0.9999983310699463
    },
    {
      "clip_idx": 8,
      "frame": 72,
      "time_sec": 7.2,
      "sleep_state": "集中",
      "sleep_class": 0,
      "sleep_probs": {
        "集中": 0.9998074173927307,
        "眠気": 0.00017626732005737722,
        "寝落ち": 1.6341200534952804e-05
      },
      "concentration": 0.9999990463256836
    },
    {
      "clip_idx": 9,
      "frame": 80,
      "time_sec": 8.0,
      "sleep_state": "集中",
      "sleep_class": 0,
      "sleep_probs": {
        "集中": 0.9998724460601807,
        "眠気": 0.00011736161104636267,
        "寝落ち": 1.014846839098027e-05
      },
      "concentration": 0.9999992847442627
    },
    {
      "clip_idx": 10,
      "frame": 88,
      "time_sec": 8.8,
      "sleep_state": "集中",
      "sleep_class": 0,
      "sleep_probs": {
        "集中": 0.9998490810394287,
        "眠気": 0.00013788510113954544,
        "寝落ち": 1.2959699233761057e-05
      },
      "concentration": 0.9999991655349731
    },
    {
      "clip_idx": 11,
      "frame": 96,
      "time_sec": 9.6,
      "sleep_state": "集中",
      "sleep_class": 0,
      "sleep_probs": {
        "集中": 0.9998109936714172,
        "眠気": 0.00017142151773441583,
        "寝落ち": 1.7686834326013923e-05
      },
      "concentration": 0.9999990463256836
    },
    {
      "clip_idx": 12,
      "frame": 104,
      "time_sec": 10.4,
      "sleep_state": "集中",
      "sleep_class": 0,
      "sleep_probs": {
        "集中": 0.9997811913490295,
        "眠気": 0.00019778059504460543,
        "寝落ち": 2.1144131096662022e-05
      },
      "concentration": 0.999998927116394
    },
    {
      "clip_idx": 13,
      "frame": 112,
      "time_sec": 11.2,
      "sleep_state": "集中",
      "sleep_class": 0,
      "sleep_probs": {
        "集中": 0.9997509121894836,
        "眠気": 0.00022527281544171274,
        "寝落ち": 2.384947038081009e-05
      },
      "concentration": 0.9999986886978149
    },
    {
      "clip_idx": 14,
      "frame": 120,
      "time_sec": 12.0,
      "sleep_state": "集中",
      "sleep_class": 0,
      "sleep_probs": {
        "集中": 0.9997594952583313,
        "眠気": 0.00021824261057190597,
        "寝落ち": 2.229835263278801e-05
      },
      "concentration": 0.9999988079071045
    },
    {
      "clip_idx": 15,
      "frame": 128,
      "time_sec": 12.8,
      "sleep_state": "集中",
      "sleep_class": 0,
      "sleep_probs": {
        "集中": 0.9997358918190002,
        "眠気": 0.000239904664340429,
        "寝落ち": 2.423676778562367e-05
      },
      "concentration": 0.9999985694885254
    },
    {
      "clip_idx": 16,
      "frame": 136,
      "time_sec": 13.6,
      "sleep_state": "集中",
      "sleep_class": 0,
      "sleep_probs": {
        "集中": 0.9997757077217102,
        "眠気": 0.00020554443472065032,
        "寝落ち": 1.875186171673704e-05
      },
      "concentration": 0.9999988079071045
    },
    {
      "clip_idx": 17,
      "frame": 144,
      "time_sec": 14.4,
      "sleep_state": "集中",
      "sleep_class": 0,
      "sleep_probs": {
        "集中": 0.999697208404541,
        "眠気": 0.00027625009533949196,
        "寝落ち": 2.6519288439885713e-05
      },
      "concentration": 0.9999980926513672
    },
    {
      "clip_idx": 18,
      "frame": 152,
      "time_sec": 15.2,
      "sleep_state": "集中",
      "sleep_class": 0,
      "sleep_probs": {
        "集中": 0.9996097683906555,
        "眠気": 0.0003552385023795068,
        "寝落ち": 3.507397559587844e-05
      },
      "concentration": 0.999997615814209
    },
    {
      "clip_idx": 19,
      "frame": 160,
      "time_sec": 16.0,
      "sleep_state": "集中",
      "sleep_class": 0,
      "sleep_probs": {
        "集中": 0.9996697902679443,
        "眠気": 0.00030242331558838487,
        "寝落ち": 2.7802241675090045e-05
      },
      "concentration": 0.9999979734420776
    },
    {
      "clip_idx": 20,
      "frame": 168,
      "time_sec": 16.8,
      "sleep_state": "集中",
      "sleep_class": 0,
      "sleep_probs": {
        "集中": 0.9997333884239197,
        "眠気": 0.0002448353043291718,
        "寝落ち": 2.1830675905221142e-05
      },
      "concentration": 0.9999983310699463
    },
    {
      "clip_idx": 21,
      "frame": 176,
      "time_sec": 17.6,
      "sleep_state": "集中",
      "sleep_class": 0,
      "sleep_probs": {
        "集中": 0.9997460246086121,
        "眠気": 0.00023309986863750964,
        "寝落ち": 2.0856323317275383e-05
      },
      "concentration": 0.9999983310699463
    },
    {
      "clip_idx": 22,
      "frame": 184,
      "time_sec": 18.4,
      "sleep_state": "集中",
      "sleep_class": 0,
      "sleep_probs": {
        "集中": 0.999731719493866,
        "眠気": 0.0002461053663864732,
        "寝落ち": 2.2136429834063165e-05
      },
      "concentration": 0.9999983310699463
    },
    {
      "clip_idx": 23,
      "frame": 192,
      "time_sec": 19.2,
      "sleep_state": "集中",
      "sleep_class": 0,
      "sleep_probs": {
        "集中": 0.9996790885925293,
        "眠気": 0.0002934968506451696,
        "寝落ち": 2.745236997725442e-05
      },
      "concentration": 0.9999978542327881
    },
    {
      "clip_idx": 24,
      "frame": 200,
      "time_sec": 20.0,
      "sleep_state": "集中",
      "sleep_class": 0,
      "sleep_probs": {
        "集中": 0.9996660947799683,
        "眠気": 0.000305112567730248,
        "寝落ち": 2.8821559681091458e-05
      },
      "concentration": 0.9999978542327881
    },
    {
      "clip_idx": 25,
      "frame": 208,
      "time_sec": 20.8,
      "sleep_state": "集中",
      "sleep_class": 0,
      "sleep_probs": {
        "集中": 0.9996936321258545,
        "眠気": 0.0002801290829665959,
        "寝落ち": 2.6248506401316263e-05
      },
      "concentration": 0.9999980926513672
    },
    {
      "clip_idx": 26,
      "frame": 216,
      "time_sec": 21.6,
      "sleep_state": "集中",
      "sleep_class": 0,
      "sleep_probs": {
        "集中": 0.9996469020843506,
        "眠気": 0.0003221401711925864,
        "寝落ち": 3.094900966971181e-05
      },
      "concentration": 0.9999977350234985
    },
    {
      "clip_idx": 27,
      "frame": 224,
      "time_sec": 22.4,
      "sleep_state": "集中",
      "sleep_class": 0,
      "sleep_probs": {
        "集中": 0.9995833039283752,
        "眠気": 0.00037904331111349165,
        "寝落ち": 3.766633744817227e-05
      },
      "concentration": 0.9999972581863403
    },
    {
      "clip_idx": 28,
      "frame": 232,
      "time_sec": 23.2,
      "sleep_state": "集中",
      "sleep_class": 0,
      "sleep_probs": {
        "集中": 0.9995573163032532,
        "眠気": 0.00040229829028248787,
        "寝落ち": 4.035603706142865e-05
      },
      "concentration": 0.9999971389770508
    },
    {
      "clip_idx": 29,
      "frame": 240,
      "time_sec": 24.0,
      "sleep_state": "集中",
      "sleep_class": 0,
      "sleep_probs": {
        "集中": 0.9994833469390869,
        "眠気": 0.00046814896631985903,
        "寝落ち": 4.843946226174012e-05
      },
      "concentration": 0.9999966621398926
    },
    {
      "clip_idx": 30,
      "frame": 248,
      "time_sec": 24.8,
      "sleep_state": "集中",
      "sleep_class": 0,
      "sleep_probs": {
        "集中": 0.999472439289093,
        "眠気": 0.00047814715071581304,
        "寝落ち": 4.948152491124347e-05
      },
      "concentration": 0.9999966621398926
    },
    {
      "clip_idx": 31,
      "frame": 256,
      "time_sec": 25.6,
      "sleep_state": "集中",
      "sleep_class": 0,
      "sleep_probs": {
        "集中": 0.9994254112243652,
        "眠気": 0.0005206310306675732,
        "寝落ち": 5.392780440161005e-05
      },
      "concentration": 0.9999963045120239
    },
    {
      "clip_idx": 32,
      "frame": 264,
      "time_sec": 26.4,
      "sleep_state": "集中",
      "sleep_class": 0,
      "sleep_probs": {
        "集中": 0.9993698000907898,
        "眠気": 0.0005705159273929894,
        "寝落ち": 5.971436985419132e-05
      },
      "concentration": 0.9999959468841553
    },
    {
      "clip_idx": 33,
      "frame": 272,
      "time_sec": 27.2,
      "sleep_state": "集中",
      "sleep_class": 0,
      "sleep_probs": {
        "集中": 0.9994059801101685,
        "眠気": 0.0005380570655688643,
        "寝落ち": 5.6001099437708035e-05
      },
      "concentration": 0.9999963045120239
    },
    {
      "clip_idx": 34,
      "frame": 280,
      "time_sec": 28.0,
      "sleep_state": "集中",
      "sleep_class": 0,
      "sleep_probs": {
        "集中": 0.9993711113929749,
        "眠気": 0.0005692525883205235,
        "寝落ち": 5.96793761360459e-05
      },
      "concentration": 0.9999960660934448
    },
    {
      "clip_idx": 35,
      "frame": 288,
      "time_sec": 28.8,
      "sleep_state": "集中",
      "sleep_class": 0,
      "sleep_probs": {
        "集中": 0.9993627667427063,
        "眠気": 0.0005776216275990009,
        "寝落ち": 5.954783773631789e-05
      },
      "concentration": 0.9999960660934448
    },
    {
      "clip_idx": 36,
      "frame": 296,
      "time_sec": 29.6,
      "sleep_state": "集中",
      "sleep_class": 0,
      "sleep_probs": {
        "集中": 0.9993996620178223,
        "眠気": 0.0005453245830722153,
        "寝落ち": 5.498362224898301e-05
      },
      "concentration": 0.9999963045120239
    },
    {
      "clip_idx": 37,
      "frame": 304,
      "time_sec": 30.4,
      "sleep_state": "集中",
      "sleep_class": 0,
      "sleep_probs": {
        "集中": 0.9994995594024658,
        "眠気": 0.0004563249531202018,
        "寝落ち": 4.409933171700686e-05
      },
      "concentration": 0.9999969005584717
    },
    {
      "clip_idx": 38,
      "frame": 312,
      "time_sec": 31.2,
      "sleep_state": "集中",
      "sleep_class": 0,
      "sleep_probs": {
        "集中": 0.9995625615119934,
        "眠気": 0.0003993627324234694,
        "寝落ち": 3.8057100027799606e-05
      },
      "concentration": 0.9999972581863403
    },
    {
      "clip_idx": 39,
      "frame": 320,
      "time_sec": 32.0,
      "sleep_state": "集中",
      "sleep_class": 0,
      "sleep_probs": {
        "集中": 0.9995951056480408,
        "眠気": 0.00036956756957806647,
        "寝落ち": 3.535616269800812e-05
      },
      "concentration": 0.9999974966049194
    },
    {
      "clip_idx": 40,
      "frame": 328,
      "time_sec": 32.8,
      "sleep_state": "集中",
      "sleep_class": 0,
      "sleep_probs": {
        "集中": 0.9995203018188477,
        "眠気": 0.00043653667671605945,
        "寝落ち": 4.3117957829963416e-05
      },
      "concentration": 0.9999967813491821
    },
    {
      "clip_idx": 41,
      "frame": 336,
      "time_sec": 33.6,
      "sleep_state": "集中",
      "sleep_class": 0,
      "sleep_probs": {
        "集中": 0.9994687438011169,
        "眠気": 0.000483295792946592,
        "寝落ち": 4.803961928701028e-05
      },
      "concentration": 0.9999964237213135
    },
    {
      "clip_idx": 42,
      "frame": 344,
      "time_sec": 34.4,
      "sleep_state": "集中",
      "sleep_class": 0,
      "sleep_probs": {
        "集中": 0.9995250701904297,
        "眠気": 0.00043292847112752497,
        "寝落ち": 4.2118728742934763e-05
      },
      "concentration": 0.9999969005584717
    },
    {
      "clip_idx": 43,
      "frame": 352,
      "time_sec": 35.2,
      "sleep_state": "集中",
      "sleep_class": 0,
      "sleep_probs": {
        "集中": 0.999548614025116,
        "眠気": 0.000411661749240011,
        "寝落ち": 3.9708327676635236e-05
      },
      "concentration": 0.9999970197677612
    },
    {
      "clip_idx": 44,
      "frame": 360,
      "time_sec": 36.0,
      "sleep_state": "集中",
      "sleep_class": 0,
      "sleep_probs": {
        "集中": 0.9995738863945007,
        "眠気": 0.0003888333449140191,
        "寝落ち": 3.728180308826268e-05
      },
      "concentration": 0.9999972581863403
    },
    {
      "clip_idx": 45,
      "frame": 368,
      "time_sec": 36.8,
      "sleep_state": "集中",
      "sleep_class": 0,
      "sleep_probs": {
        "集中": 0.9996616840362549,
        "眠気": 0.0003097871958743781,
        "寝落ち": 2.8522566935862415e-05
      },
      "concentration": 0.9999978542327881
    },
    {
      "clip_idx": 46,
      "frame": 376,
      "time_sec": 37.6,
      "sleep_state": "集中",
      "sleep_class": 0,
      "sleep_probs": {
        "集中": 0.9996987581253052,
        "眠気": 0.0002762837102636695,
        "寝落ち": 2.4976143322419375e-05
      },
      "concentration": 0.9999980926513672
    },
    {
      "clip_idx": 47,
      "frame": 384,
      "time_sec": 38.4,
      "sleep_state": "集中",
      "sleep_class": 0,
      "sleep_probs": {
        "集中": 0.9997387528419495,
        "眠気": 0.00023969677567947656,
        "寝落ち": 2.1540536181419156e-05
      },
      "concentration": 0.9999984502792358
    },
    {
      "clip_idx": 48,
      "frame": 392,
      "time_sec": 39.2,
      "sleep_state": "集中",
      "sleep_class": 0,
      "sleep_probs": {
        "集中": 0.9997957348823547,
        "眠気": 0.0001878258481156081,
        "寝落ち": 1.6433841665275395e-05
      },
      "concentration": 0.9999988079071045
    },
    {
      "clip_idx": 49,
      "frame": 400,
      "time_sec": 40.0,
      "sleep_state": "集中",
      "sleep_class": 0,
      "sleep_probs": {
        "集中": 0.9997830986976624,
        "眠気": 0.00019905388762708753,
        "寝落ち": 1.782838808139786e-05
      },
      "concentration": 0.9999986886978149
    },
    {
      "clip_idx": 50,
      "frame": 408,
      "time_sec": 40.8,
      "sleep_state": "集中",
      "sleep_class": 0,
      "sleep_probs": {
        "集中": 0.9997307658195496,
        "眠気": 0.00024575754650868475,
        "寝落ち": 2.3525597498519346e-05
      },
      "concentration": 0.9999983310699463
    },
    {
      "clip_idx": 51,
      "frame": 416,
      "time_sec": 41.6,
      "sleep_state": "集中",
      "sleep_class": 0,
      "sleep_probs": {
        "集中": 0.9996708631515503,
        "眠気": 0.0002993730013258755,
        "寝落ち": 2.9742068363702856e-05
      },
      "concentration": 0.9999979734420776
    },
    {
      "clip_idx": 52,
      "frame": 424,
      "time_sec": 42.4,
      "sleep_state": "集中",
      "sleep_class": 0,
      "sleep_probs": {
        "集中": 0.9996976852416992,
        "眠気": 0.0002764072851277888,
        "寝落ち": 2.5947534595616162e-05
      },
      "concentration": 0.9999982118606567
    },
    {
      "clip_idx": 53,
      "frame": 432,
      "time_sec": 43.2,
      "sleep_state": "集中",
      "sleep_class": 0,
      "sleep_probs": {
        "集中": 0.9997100234031677,
        "眠気": 0.00026541476836428046,
        "寝落ち": 2.4604873033240438e-05
      },
      "concentration": 0.9999982118606567
    },
    {
      "clip_idx": 54,
      "frame": 440,
      "time_sec": 44.0,
      "sleep_state": "集中",
      "sleep_class": 0,
      "sleep_probs": {
        "集中": 0.9997456669807434,
        "眠気": 0.00023294021957553923,
        "寝落ち": 2.1309411749825813e-05
      },
      "concentration": 0.9999984502792358
    },
    {
      "clip_idx": 55,
      "frame": 448,
      "time_sec": 44.8,
      "sleep_state": "集中",
      "sleep_class": 0,
      "sleep_probs": {
        "集中": 0.9997028708457947,
        "眠気": 0.0002716934832278639,
        "寝落ち": 2.536988176871091e-05
      },
      "concentration": 0.9999980926513672
    },
    {
      "clip_idx": 56,
      "frame": 456,
      "time_sec": 45.6,
      "sleep_state": "集中",
      "sleep_class": 0,
      "sleep_probs": {
        "集中": 0.99965500831604,
        "眠気": 0.0003151482669636607,
        "寝落ち": 2.983380909427069e-05
      },
      "concentration": 0.9999977350234985
    },
    {
      "clip_idx": 57,
      "frame": 464,
      "time_sec": 46.4,
      "sleep_state": "集中",
      "sleep_class": 0,
      "sleep_probs": {
        "集中": 0.9996234178543091,
        "眠気": 0.00034359583514742553,
        "寝落ち": 3.301438482594676e-05
      },
      "concentration": 0.999997615814209
    },
    {
      "clip_idx": 58,
      "frame": 472,
      "time_sec": 47.2,
      "sleep_state": "集中",
      "sleep_class": 0,
      "sleep_probs": {
        "集中": 0.9992055296897888,
        "眠気": 0.0007146343705244362,
        "寝落ち": 7.981523231137544e-05
      },
      "concentration": 0.999994158744812
    },
    {
      "clip_idx": 59,
      "frame": 480,
      "time_sec": 48.0,
      "sleep_state": "集中",
      "sleep_class": 0,
      "sleep_probs": {
        "集中": 0.9988607168197632,
        "眠気": 0.001017312053591013,
        "寝落ち": 0.0001219116456923075
      },
      "concentration": 0.9999923706054688
    },
    {
      "clip_idx": 60,
      "frame": 488,
      "time_sec": 48.8,
      "sleep_state": "集中",
      "sleep_class": 0,
      "sleep_probs": {
        "集中": 0.9987455606460571,
        "眠気": 0.0011230668751522899,
        "寝落ち": 0.00013132893946021795
      },
      "concentration": 0.9999918937683105
    },
    {
      "clip_idx": 61,
      "frame": 496,
      "time_sec": 49.6,
      "sleep_state": "集中",
      "sleep_class": 0,
      "sleep_probs": {
        "集中": 0.9985787868499756,
        "眠気": 0.001278149662539363,
        "寝落ち": 0.0001430752599844709
      },
      "concentration": 0.9999905824661255
    },
    {
      "clip_idx": 62,
      "frame": 504,
      "time_sec": 50.4,
      "sleep_state": "集中",
      "sleep_class": 0,
      "sleep_probs": {
        "集中": 0.9980210065841675,
        "眠気": 0.0017673092661425471,
        "寝落ち": 0.00021170033141970634
      },
      "concentration": 0.9999865293502808
    },
    {
      "clip_idx": 63,
      "frame": 512,
      "time_sec": 51.2,
      "sleep_state": "集中",
      "sleep_class": 0,
      "sleep_probs": {
        "集中": 0.9984062314033508,
        "眠気": 0.0014334655134007335,
        "寝落ち": 0.00016032364510465413
      },
      "concentration": 0.9999904632568359
    },
    {
      "clip_idx": 64,
      "frame": 520,
      "time_sec": 52.0,
      "sleep_state": "集中",
      "sleep_class": 0,
      "sleep_probs": {
        "集中": 0.9992045760154724,
        "眠気": 0.0007260377751663327,
        "寝落ち": 6.940852472325787e-05
      },
      "concentration": 0.9999955892562866
    },
    {
      "clip_idx": 65,
      "frame": 528,
      "time_sec": 52.8,
      "sleep_state": "集中",
      "sleep_class": 0,
      "sleep_probs": {
        "集中": 0.999444305896759,
        "眠気": 0.0005084403674118221,
        "寝落ち": 4.734909816761501e-05
      },
      "concentration": 0.9999966621398926
    }
  ]
}
================================================================================

================================================================================
受信時刻: 2025-12-12 12:21:55
セッションID: 130 | 結果ID: 14
ユーザー: Gayagaya

【ライト設定】
  RGB: (255, 255, 255)
  輝度: 100%

【受信データ全体】
{
  "video_path": "/content/drive/MyDrive/concentration_training_data/video_20251211_160633.mp4",
  "summary": {
    "集中": 5.88235294117647,
    "眠気": 94.11764705882352,
    "寝落ち": 0.0
  },
  "avg_concentration": 0.9999831174713334,
  "num_predictions": 153,
  "results": [
    {
      "clip_idx": 2,
      "frame": 24,
      "time_sec": 2.4,
      "sleep_state": "眠気",
      "sleep_class": 1,
      "sleep_probs": {
        "集中": 0.06074975058436394,
        "眠気": 0.9391624331474304,
        "寝落ち": 8.785041427472606e-05
      },
      "concentration": 0.9999799728393555
    },
    {
      "clip_idx": 3,
      "frame": 32,
      "time_sec": 3.2,
      "sleep_state": "眠気",
      "sleep_class": 1,
      "sleep_probs": {
        "集中": 0.05576780438423157,
        "眠気": 0.9441642761230469,
        "寝落ち": 6.791006308048964e-05
      },
      "concentration": 0.9999861717224121
    },
    {
      "clip_idx": 4,
      "frame": 40,
      "time_sec": 4.0,
      "sleep_state": "眠気",
      "sleep_class": 1,
      "sleep_probs": {
        "集中": 0.049805548042058945,
        "眠気": 0.9501460790634155,
        "寝落ち": 4.837031883653253e-05
      },
      "concentration": 0.9999903440475464
    },
    {
      "clip_idx": 5,
      "frame": 48,
      "time_sec": 4.8,
      "sleep_state": "眠気",
      "sleep_class": 1,
      "sleep_probs": {
        "集中": 0.09863412380218506,
        "眠気": 0.9010726809501648,
        "寝落ち": 0.00029326268122531474
      },
      "concentration": 0.9999722242355347
    },
    {
      "clip_idx": 6,
      "frame": 56,
      "time_sec": 5.6,
      "sleep_state": "集中",
      "sleep_class": 0,
      "sleep_probs": {
        "集中": 0.5513692498207092,
        "眠気": 0.44193270802497864,
        "寝落ち": 0.006698015611618757
      },
      "concentration": 0.999937891960144
    },
    {
      "clip_idx": 7,
      "frame": 64,
      "time_sec": 6.4,
      "sleep_state": "集中",
      "sleep_class": 0,
      "sleep_probs": {
        "集中": 0.8357899188995361,
        "眠気": 0.1582055240869522,
        "寝落ち": 0.0060045793652534485
      },
      "concentration": 0.9999470710754395
    },
    {
      "clip_idx": 8,
      "frame": 72,
      "time_sec": 7.2,
      "sleep_state": "集中",
      "sleep_class": 0,
      "sleep_probs": {
        "集中": 0.9302759766578674,
        "眠気": 0.06579282879829407,
        "寝落ち": 0.003931241575628519
      },
      "concentration": 0.9999552965164185
    },
    {
      "clip_idx": 9,
      "frame": 80,
      "time_sec": 8.0,
      "sleep_state": "集中",
      "sleep_class": 0,
      "sleep_probs": {
        "集中": 0.979536771774292,
        "眠気": 0.018883729353547096,
        "寝落ち": 0.0015795327490195632
      },
      "concentration": 0.999976634979248
    },
    {
      "clip_idx": 10,
      "frame": 88,
      "time_sec": 8.8,
      "sleep_state": "集中",
      "sleep_class": 0,
      "sleep_probs": {
        "集中": 0.984749436378479,
        "眠気": 0.013921244069933891,
        "寝落ち": 0.0013292982475832105
      },
      "concentration": 0.9999762773513794
    },
    {
      "clip_idx": 11,
      "frame": 96,
      "time_sec": 9.6,
      "sleep_state": "集中",
      "sleep_class": 0,
      "sleep_probs": {
        "集中": 0.9875288009643555,
        "眠気": 0.011338184587657452,
        "寝落ち": 0.0011329228291288018
      },
      "concentration": 0.999976396560669
    },
    {
      "clip_idx": 12,
      "frame": 104,
      "time_sec": 10.4,
      "sleep_state": "集中",
      "sleep_class": 0,
      "sleep_probs": {
        "集中": 0.9740570783615112,
        "眠気": 0.023313339799642563,
        "寝落ち": 0.0026295389980077744
      },
      "concentration": 0.9998793601989746
    },
    {
      "clip_idx": 13,
      "frame": 112,
      "time_sec": 11.2,
      "sleep_state": "集中",
      "sleep_class": 0,
      "sleep_probs": {
        "集中": 0.8438692688941956,
        "眠気": 0.14423424005508423,
        "寝落ち": 0.011896515265107155
      },
      "concentration": 0.9995065927505493
    },
    {
      "clip_idx": 14,
      "frame": 120,
      "time_sec": 12.0,
      "sleep_state": "集中",
      "sleep_class": 0,
      "sleep_probs": {
        "集中": 0.6149172782897949,
        "眠気": 0.37409481406211853,
        "寝落ち": 0.010987890884280205
      },
      "concentration": 0.9996280670166016
    },
    {
      "clip_idx": 15,
      "frame": 128,
      "time_sec": 12.8,
      "sleep_state": "眠気",
      "sleep_class": 1,
      "sleep_probs": {
        "集中": 0.43404510617256165,
        "眠気": 0.5608866214752197,
        "寝落ち": 0.005068258848041296
      },
      "concentration": 0.9998451471328735
    },
    {
      "clip_idx": 16,
      "frame": 136,
      "time_sec": 13.6,
      "sleep_state": "眠気",
      "sleep_class": 1,
      "sleep_probs": {
        "集中": 0.3089475929737091,
        "眠気": 0.6883753538131714,
        "寝落ち": 0.0026770527474582195
      },
      "concentration": 0.9999358654022217
    },
    {
      "clip_idx": 17,
      "frame": 144,
      "time_sec": 14.4,
      "sleep_state": "眠気",
      "sleep_class": 1,
      "sleep_probs": {
        "集中": 0.24547553062438965,
        "眠気": 0.7528356909751892,
        "寝落ち": 0.001688780845142901
      },
      "concentration": 0.999957799911499
    },
    {
      "clip_idx": 18,
      "frame": 152,
      "time_sec": 15.2,
      "sleep_state": "眠気",
      "sleep_class": 1,
      "sleep_probs": {
        "集中": 0.19181540608406067,
        "眠気": 0.8069826364517212,
        "寝落ち": 0.0012019139248877764
      },
      "concentration": 0.9999566078186035
    },
    {
      "clip_idx": 19,
      "frame": 160,
      "time_sec": 16.0,
      "sleep_state": "眠気",
      "sleep_class": 1,
      "sleep_probs": {
        "集中": 0.11967530101537704,
        "眠気": 0.8799050450325012,
        "寝落ち": 0.0004197335510980338
      },
      "concentration": 0.9999747276306152
    },
    {
      "clip_idx": 20,
      "frame": 168,
      "time_sec": 16.8,
      "sleep_state": "眠気",
      "sleep_class": 1,
      "sleep_probs": {
        "集中": 0.10145901143550873,
        "眠気": 0.8982502222061157,
        "寝落ち": 0.0002907270682044327
      },
      "concentration": 0.9999778270721436
    },
    {
      "clip_idx": 21,
      "frame": 176,
      "time_sec": 17.6,
      "sleep_state": "眠気",
      "sleep_class": 1,
      "sleep_probs": {
        "集中": 0.08359076082706451,
        "眠気": 0.916222095489502,
        "寝落ち": 0.00018711919256020337
      },
      "concentration": 0.9999809265136719
    },
    {
      "clip_idx": 22,
      "frame": 184,
      "time_sec": 18.4,
      "sleep_state": "眠気",
      "sleep_class": 1,
      "sleep_probs": {
        "集中": 0.07250331342220306,
        "眠気": 0.9273635745048523,
        "寝落ち": 0.000133152338094078
      },
      "concentration": 0.9999833106994629
    },
    {
      "clip_idx": 23,
      "frame": 192,
      "time_sec": 19.2,
      "sleep_state": "眠気",
      "sleep_class": 1,
      "sleep_probs": {
        "集中": 0.06971754133701324,
        "眠気": 0.9301623702049255,
        "寝落ち": 0.00012004727614112198
      },
      "concentration": 0.9999841451644897
    },
    {
      "clip_idx": 24,
      "frame": 200,
      "time_sec": 20.0,
      "sleep_state": "眠気",
      "sleep_class": 1,
      "sleep_probs": {
        "集中": 0.07519061118364334,
        "眠気": 0.9246639013290405,
        "寝落ち": 0.00014546947204507887
      },
      "concentration": 0.9999823570251465
    },
    {
      "clip_idx": 25,
      "frame": 208,
      "time_sec": 20.8,
      "sleep_state": "眠気",
      "sleep_class": 1,
      "sleep_probs": {
        "集中": 0.07846846431493759,
        "眠気": 0.9213708639144897,
        "寝落ち": 0.00016067842079792172
      },
      "concentration": 0.9999817609786987
    },
    {
      "clip_idx": 26,
      "frame": 216,
      "time_sec": 21.6,
      "sleep_state": "眠気",
      "sleep_class": 1,
      "sleep_probs": {
        "集中": 0.08538313210010529,
        "眠気": 0.9144200682640076,
        "寝落ち": 0.00019676811643876135
      },
      "concentration": 0.9999798536300659
    },
    {
      "clip_idx": 27,
      "frame": 224,
      "time_sec": 22.4,
      "sleep_state": "眠気",
      "sleep_class": 1,
      "sleep_probs": {
        "集中": 0.09190833568572998,
        "眠気": 0.9078575968742371,
        "寝落ち": 0.00023409072309732437
      },
      "concentration": 0.9999783039093018
    },
    {
      "clip_idx": 28,
      "frame": 232,
      "time_sec": 23.2,
      "sleep_state": "眠気",
      "sleep_class": 1,
      "sleep_probs": {
        "集中": 0.08482736349105835,
        "眠気": 0.9149817228317261,
        "寝落ち": 0.00019093546143267304
      },
      "concentration": 0.9999810457229614
    },
    {
      "clip_idx": 29,
      "frame": 240,
      "time_sec": 24.0,
      "sleep_state": "眠気",
      "sleep_class": 1,
      "sleep_probs": {
        "集中": 0.0842042937874794,
        "眠気": 0.9156078696250916,
        "寝落ち": 0.0001878755138022825
      },
      "concentration": 0.9999812841415405
    },
    {
      "clip_idx": 30,
      "frame": 248,
      "time_sec": 24.8,
      "sleep_state": "眠気",
      "sleep_class": 1,
      "sleep_probs": {
        "集中": 0.0809367224574089,
        "眠気": 0.9188920855522156,
        "寝落ち": 0.00017117528477683663
      },
      "concentration": 0.9999825954437256
    },
    {
      "clip_idx": 31,
      "frame": 256,
      "time_sec": 25.6,
      "sleep_state": "眠気",
      "sleep_class": 1,
      "sleep_probs": {
        "集中": 0.06864888221025467,
        "眠気": 0.9312397837638855,
        "寝落ち": 0.00011134238593513146
      },
      "concentration": 0.9999868869781494
    },
    {
      "clip_idx": 32,
      "frame": 264,
      "time_sec": 26.4,
      "sleep_state": "眠気",
      "sleep_class": 1,
      "sleep_probs": {
        "集中": 0.06614439189434052,
        "眠気": 0.9337539076805115,
        "寝落ち": 0.00010171135363634676
      },
      "concentration": 0.9999873638153076
    },
    {
      "clip_idx": 33,
      "frame": 272,
      "time_sec": 27.2,
      "sleep_state": "眠気",
      "sleep_class": 1,
      "sleep_probs": {
        "集中": 0.06395208835601807,
        "眠気": 0.9359548091888428,
        "寝落ち": 9.309117740485817e-05
      },
      "concentration": 0.9999881982803345
    },
    {
      "clip_idx": 34,
      "frame": 280,
      "time_sec": 28.0,
      "sleep_state": "眠気",
      "sleep_class": 1,
      "sleep_probs": {
        "集中": 0.06185953691601753,
        "眠気": 0.9380550384521484,
        "寝落ち": 8.537471876479685e-05
      },
      "concentration": 0.9999887943267822
    },
    {
      "clip_idx": 35,
      "frame": 288,
      "time_sec": 28.8,
      "sleep_state": "眠気",
      "sleep_class": 1,
      "sleep_probs": {
        "集中": 0.0636163204908371,
        "眠気": 0.9362912774085999,
        "寝落ち": 9.237386257154867e-05
      },
      "concentration": 0.9999880790710449
    },
    {
      "clip_idx": 36,
      "frame": 296,
      "time_sec": 29.6,
      "sleep_state": "眠気",
      "sleep_class": 1,
      "sleep_probs": {
        "集中": 0.055112022906541824,
        "眠気": 0.9448251128196716,
        "寝落ち": 6.286434654612094e-05
      },
      "concentration": 0.9999908208847046
    },
    {
      "clip_idx": 37,
      "frame": 304,
      "time_sec": 30.4,
      "sleep_state": "眠気",
      "sleep_class": 1,
      "sleep_probs": {
        "集中": 0.05010484531521797,
        "眠気": 0.9498463869094849,
        "寝落ち": 4.882288340013474e-05
      },
      "concentration": 0.9999920129776001
    },
    {
      "clip_idx": 38,
      "frame": 312,
      "time_sec": 31.2,
      "sleep_state": "眠気",
      "sleep_class": 1,
      "sleep_probs": {
        "集中": 0.05580344796180725,
        "眠気": 0.9441303014755249,
        "寝落ち": 6.630449934164062e-05
      },
      "concentration": 0.9999897480010986
    },
    {
      "clip_idx": 39,
      "frame": 320,
      "time_sec": 32.0,
      "sleep_state": "眠気",
      "sleep_class": 1,
      "sleep_probs": {
        "集中": 0.0552561953663826,
        "眠気": 0.9446791410446167,
        "寝落ち": 6.472746463259682e-05
      },
      "concentration": 0.9999898672103882
    },
    {
      "clip_idx": 40,
      "frame": 328,
      "time_sec": 32.8,
      "sleep_state": "眠気",
      "sleep_class": 1,
      "sleep_probs": {
        "集中": 0.05213802680373192,
        "眠気": 0.9478065967559814,
        "寝落ち": 5.530605631065555e-05
      },
      "concentration": 0.999990701675415
    },
    {
      "clip_idx": 41,
      "frame": 336,
      "time_sec": 33.6,
      "sleep_state": "眠気",
      "sleep_class": 1,
      "sleep_probs": {
        "集中": 0.04665625840425491,
        "眠気": 0.9533042907714844,
        "寝落ち": 3.9419468521373346e-05
      },
      "concentration": 0.999993085861206
    },
    {
      "clip_idx": 42,
      "frame": 344,
      "time_sec": 34.4,
      "sleep_state": "眠気",
      "sleep_class": 1,
      "sleep_probs": {
        "集中": 0.043219275772571564,
        "眠気": 0.956749439239502,
        "寝落ち": 3.131627454422414e-05
      },
      "concentration": 0.999994158744812
    },
    {
      "clip_idx": 43,
      "frame": 352,
      "time_sec": 35.2,
      "sleep_state": "眠気",
      "sleep_class": 1,
      "sleep_probs": {
        "集中": 0.04255727306008339,
        "眠気": 0.957412600517273,
        "寝落ち": 3.0148134101182222e-05
      },
      "concentration": 0.9999942779541016
    },
    {
      "clip_idx": 44,
      "frame": 360,
      "time_sec": 36.0,
      "sleep_state": "眠気",
      "sleep_class": 1,
      "sleep_probs": {
        "集中": 0.04270854592323303,
        "眠気": 0.9572605490684509,
        "寝落ち": 3.090108293690719e-05
      },
      "concentration": 0.9999940395355225
    },
    {
      "clip_idx": 45,
      "frame": 368,
      "time_sec": 36.8,
      "sleep_state": "眠気",
      "sleep_class": 1,
      "sleep_probs": {
        "集中": 0.04401824250817299,
        "眠気": 0.9559474587440491,
        "寝落ち": 3.4352982765994966e-05
      },
      "concentration": 0.9999932050704956
    },
    {
      "clip_idx": 46,
      "frame": 376,
      "time_sec": 37.6,
      "sleep_state": "眠気",
      "sleep_class": 1,
      "sleep_probs": {
        "集中": 0.04398314654827118,
        "眠気": 0.9559826254844666,
        "寝落ち": 3.423673115321435e-05
      },
      "concentration": 0.9999932050704956
    },
    {
      "clip_idx": 47,
      "frame": 384,
      "time_sec": 38.4,
      "sleep_state": "眠気",
      "sleep_class": 1,
      "sleep_probs": {
        "集中": 0.046095024794340134,
        "眠気": 0.9538657069206238,
        "寝落ち": 3.930296588805504e-05
      },
      "concentration": 0.9999926090240479
    },
    {
      "clip_idx": 48,
      "frame": 392,
      "time_sec": 39.2,
      "sleep_state": "眠気",
      "sleep_class": 1,
      "sleep_probs": {
        "集中": 0.04375919699668884,
        "眠気": 0.9562072157859802,
        "寝落ち": 3.359683614689857e-05
      },
      "concentration": 0.9999934434890747
    },
    {
      "clip_idx": 49,
      "frame": 400,
      "time_sec": 40.0,
      "sleep_state": "眠気",
      "sleep_class": 1,
      "sleep_probs": {
        "集中": 0.04200703650712967,
        "眠気": 0.957963228225708,
        "寝落ち": 2.9730388632742688e-05
      },
      "concentration": 0.9999938011169434
    },
    {
      "clip_idx": 50,
      "frame": 408,
      "time_sec": 40.8,
      "sleep_state": "眠気",
      "sleep_class": 1,
      "sleep_probs": {
        "集中": 0.043966758996248245,
        "眠気": 0.9559988379478455,
        "寝落ち": 3.434631071286276e-05
      },
      "concentration": 0.999992847442627
    },
    {
      "clip_idx": 51,
      "frame": 416,
      "time_sec": 41.6,
      "sleep_state": "眠気",
      "sleep_class": 1,
      "sleep_probs": {
        "集中": 0.04522867500782013,
        "眠気": 0.9547337889671326,
        "寝落ち": 3.748312155948952e-05
      },
      "concentration": 0.9999923706054688
    },
    {
      "clip_idx": 52,
      "frame": 424,
      "time_sec": 42.4,
      "sleep_state": "眠気",
      "sleep_class": 1,
      "sleep_probs": {
        "集中": 0.04647571220993996,
        "眠気": 0.9534837603569031,
        "寝落ち": 4.049079507240094e-05
      },
      "concentration": 0.9999920129776001
    },
    {
      "clip_idx": 53,
      "frame": 432,
      "time_sec": 43.2,
      "sleep_state": "眠気",
      "sleep_class": 1,
      "sleep_probs": {
        "集中": 0.0480630099773407,
        "眠気": 0.9518924951553345,
        "寝落ち": 4.448913023225032e-05
      },
      "concentration": 0.9999915361404419
    },
    {
      "clip_idx": 54,
      "frame": 440,
      "time_sec": 44.0,
      "sleep_state": "眠気",
      "sleep_class": 1,
      "sleep_probs": {
        "集中": 0.04529416561126709,
        "眠気": 0.9546685814857483,
        "寝落ち": 3.724940324900672e-05
      },
      "concentration": 0.9999927282333374
    },
    {
      "clip_idx": 55,
      "frame": 448,
      "time_sec": 44.8,
      "sleep_state": "眠気",
      "sleep_class": 1,
      "sleep_probs": {
        "集中": 0.04443545639514923,
        "眠気": 0.9555293321609497,
        "寝落ち": 3.522530823829584e-05
      },
      "concentration": 0.9999929666519165
    },
    {
      "clip_idx": 56,
      "frame": 456,
      "time_sec": 45.6,
      "sleep_state": "眠気",
      "sleep_class": 1,
      "sleep_probs": {
        "集中": 0.04606844112277031,
        "眠気": 0.9538922905921936,
        "寝落ち": 3.9297730836551636e-05
      },
      "concentration": 0.9999923706054688
    },
    {
      "clip_idx": 57,
      "frame": 464,
      "time_sec": 46.4,
      "sleep_state": "眠気",
      "sleep_class": 1,
      "sleep_probs": {
        "集中": 0.049454767256975174,
        "眠気": 0.9504968523979187,
        "寝落ち": 4.84372976643499e-05
      },
      "concentration": 0.9999909400939941
    },
    {
      "clip_idx": 58,
      "frame": 472,
      "time_sec": 47.2,
      "sleep_state": "眠気",
      "sleep_class": 1,
      "sleep_probs": {
        "集中": 0.05153350159525871,
        "眠気": 0.9484121799468994,
        "寝落ち": 5.4368225391954184e-05
      },
      "concentration": 0.9999902248382568
    },
    {
      "clip_idx": 59,
      "frame": 480,
      "time_sec": 48.0,
      "sleep_state": "眠気",
      "sleep_class": 1,
      "sleep_probs": {
        "集中": 0.051811277866363525,
        "眠気": 0.9481337666511536,
        "寝落ち": 5.493219941854477e-05
      },
      "concentration": 0.9999902248382568
    },
    {
      "clip_idx": 60,
      "frame": 488,
      "time_sec": 48.8,
      "sleep_state": "眠気",
      "sleep_class": 1,
      "sleep_probs": {
        "集中": 0.05106038600206375,
        "眠気": 0.9488868117332458,
        "寝落ち": 5.2780014812015e-05
      },
      "concentration": 0.9999904632568359
    },
    {
      "clip_idx": 61,
      "frame": 496,
      "time_sec": 49.6,
      "sleep_state": "眠気",
      "sleep_class": 1,
      "sleep_probs": {
        "集中": 0.04938090592622757,
        "眠気": 0.9505711793899536,
        "寝落ち": 4.7924284444889054e-05
      },
      "concentration": 0.9999910593032837
    },
    {
      "clip_idx": 62,
      "frame": 504,
      "time_sec": 50.4,
      "sleep_state": "眠気",
      "sleep_class": 1,
      "sleep_probs": {
        "集中": 0.049771085381507874,
        "眠気": 0.9501798748970032,
        "寝落ち": 4.904506931779906e-05
      },
      "concentration": 0.9999909400939941
    },
    {
      "clip_idx": 63,
      "frame": 512,
      "time_sec": 51.2,
      "sleep_state": "眠気",
      "sleep_class": 1,
      "sleep_probs": {
        "集中": 0.044224269688129425,
        "眠気": 0.955741286277771,
        "寝落ち": 3.44279469572939e-05
      },
      "concentration": 0.9999933242797852
    },
    {
      "clip_idx": 64,
      "frame": 520,
      "time_sec": 52.0,
      "sleep_state": "眠気",
      "sleep_class": 1,
      "sleep_probs": {
        "集中": 0.03725578263401985,
        "眠気": 0.9627240300178528,
        "寝落ち": 2.0193996533635072e-05
      },
      "concentration": 0.9999957084655762
    },
    {
      "clip_idx": 65,
      "frame": 528,
      "time_sec": 52.8,
      "sleep_state": "眠気",
      "sleep_class": 1,
      "sleep_probs": {
        "集中": 0.035170551389455795,
        "眠気": 0.9648124575614929,
        "寝落ち": 1.6970707292784937e-05
      },
      "concentration": 0.9999963045120239
    },
    {
      "clip_idx": 66,
      "frame": 536,
      "time_sec": 53.6,
      "sleep_state": "眠気",
      "sleep_class": 1,
      "sleep_probs": {
        "集中": 0.03435337916016579,
        "眠気": 0.9656307101249695,
        "寝落ち": 1.586059806868434e-05
      },
      "concentration": 0.9999964237213135
    },
    {
      "clip_idx": 67,
      "frame": 544,
      "time_sec": 54.4,
      "sleep_state": "眠気",
      "sleep_class": 1,
      "sleep_probs": {
        "集中": 0.03347742557525635,
        "眠気": 0.9665077924728394,
        "寝落ち": 1.4750663467566483e-05
      },
      "concentration": 0.999996542930603
    },
    {
      "clip_idx": 68,
      "frame": 552,
      "time_sec": 55.2,
      "sleep_state": "眠気",
      "sleep_class": 1,
      "sleep_probs": {
        "集中": 0.03362032026052475,
        "眠気": 0.9663645625114441,
        "寝落ち": 1.5077535863383673e-05
      },
      "concentration": 0.9999964237213135
    },
    {
      "clip_idx": 69,
      "frame": 560,
      "time_sec": 56.0,
      "sleep_state": "眠気",
      "sleep_class": 1,
      "sleep_probs": {
        "集中": 0.03430603817105293,
        "眠気": 0.9656778573989868,
        "寝落ち": 1.60606959980214e-05
      },
      "concentration": 0.9999961853027344
    },
    {
      "clip_idx": 70,
      "frame": 568,
      "time_sec": 56.8,
      "sleep_state": "眠気",
      "sleep_class": 1,
      "sleep_probs": {
        "集中": 0.034887105226516724,
        "眠気": 0.9650959372520447,
        "寝落ち": 1.702433110040147e-05
      },
      "concentration": 0.9999958276748657
    },
    {
      "clip_idx": 71,
      "frame": 576,
      "time_sec": 57.6,
      "sleep_state": "眠気",
      "sleep_class": 1,
      "sleep_probs": {
        "集中": 0.03677840530872345,
        "眠気": 0.9632014632225037,
        "寝落ち": 2.0169454728602432e-05
      },
      "concentration": 0.9999951124191284
    },
    {
      "clip_idx": 72,
      "frame": 584,
      "time_sec": 58.4,
      "sleep_state": "眠気",
      "sleep_class": 1,
      "sleep_probs": {
        "集中": 0.03811825066804886,
        "眠気": 0.9618592262268066,
        "寝落ち": 2.255603794765193e-05
      },
      "concentration": 0.9999946355819702
    },
    {
      "clip_idx": 73,
      "frame": 592,
      "time_sec": 59.2,
      "sleep_state": "眠気",
      "sleep_class": 1,
      "sleep_probs": {
        "集中": 0.03857043385505676,
        "眠気": 0.9614061713218689,
        "寝落ち": 2.3376140234177e-05
      },
      "concentration": 0.9999943971633911
    },
    {
      "clip_idx": 74,
      "frame": 600,
      "time_sec": 60.0,
      "sleep_state": "眠気",
      "sleep_class": 1,
      "sleep_probs": {
        "集中": 0.040380291640758514,
        "眠気": 0.9595929384231567,
        "寝落ち": 2.6818788683158346e-05
      },
      "concentration": 0.9999938011169434
    },
    {
      "clip_idx": 75,
      "frame": 608,
      "time_sec": 60.8,
      "sleep_state": "眠気",
      "sleep_class": 1,
      "sleep_probs": {
        "集中": 0.04278910160064697,
        "眠気": 0.957179069519043,
        "寝落ち": 3.1864503398537636e-05
      },
      "concentration": 0.9999929666519165
    },
    {
      "clip_idx": 76,
      "frame": 616,
      "time_sec": 61.6,
      "sleep_state": "眠気",
      "sleep_class": 1,
      "sleep_probs": {
        "集中": 0.04387281462550163,
        "眠気": 0.9560930132865906,
        "寝落ち": 3.421486326260492e-05
      },
      "concentration": 0.9999927282333374
    },
    {
      "clip_idx": 77,
      "frame": 624,
      "time_sec": 62.4,
      "sleep_state": "眠気",
      "sleep_class": 1,
      "sleep_probs": {
        "集中": 0.046103108674287796,
        "眠気": 0.9538573622703552,
        "寝落ち": 3.9538866985822096e-05
      },
      "concentration": 0.9999920129776001
    },
    {
      "clip_idx": 78,
      "frame": 632,
      "time_sec": 63.2,
      "sleep_state": "眠気",
      "sleep_class": 1,
      "sleep_probs": {
        "集中": 0.04845838248729706,
        "眠気": 0.9514960646629333,
        "寝落ち": 4.556636486086063e-05
      },
      "concentration": 0.9999912977218628
    },
    {
      "clip_idx": 79,
      "frame": 640,
      "time_sec": 64.0,
      "sleep_state": "眠気",
      "sleep_class": 1,
      "sleep_probs": {
        "集中": 0.049520041793584824,
        "眠気": 0.9504317045211792,
        "寝落ち": 4.8286943638231605e-05
      },
      "concentration": 0.9999910593032837
    },
    {
      "clip_idx": 80,
      "frame": 648,
      "time_sec": 64.8,
      "sleep_state": "眠気",
      "sleep_class": 1,
      "sleep_probs": {
        "集中": 0.052232835441827774,
        "眠気": 0.9477112293243408,
        "寝落ち": 5.598731149802916e-05
      },
      "concentration": 0.9999902248382568
    },
    {
      "clip_idx": 81,
      "frame": 656,
      "time_sec": 65.6,
      "sleep_state": "眠気",
      "sleep_class": 1,
      "sleep_probs": {
        "集中": 0.05289779603481293,
        "眠気": 0.947044312953949,
        "寝落ち": 5.7879726227838546e-05
      },
      "concentration": 0.9999899864196777
    },
    {
      "clip_idx": 82,
      "frame": 664,
      "time_sec": 66.4,
      "sleep_state": "眠気",
      "sleep_class": 1,
      "sleep_probs": {
        "集中": 0.0524933859705925,
        "眠気": 0.9474499225616455,
        "寝落ち": 5.663106276188046e-05
      },
      "concentration": 0.9999902248382568
    },
    {
      "clip_idx": 83,
      "frame": 672,
      "time_sec": 67.2,
      "sleep_state": "眠気",
      "sleep_class": 1,
      "sleep_probs": {
        "集中": 0.05121979862451553,
        "眠気": 0.9487273097038269,
        "寝落ち": 5.285318547976203e-05
      },
      "concentration": 0.999990701675415
    },
    {
      "clip_idx": 84,
      "frame": 680,
      "time_sec": 68.0,
      "sleep_state": "眠気",
      "sleep_class": 1,
      "sleep_probs": {
        "集中": 0.050900984555482864,
        "眠気": 0.9490469694137573,
        "寝落ち": 5.2108673116890714e-05
      },
      "concentration": 0.9999905824661255
    },
    {
      "clip_idx": 85,
      "frame": 688,
      "time_sec": 68.8,
      "sleep_state": "眠気",
      "sleep_class": 1,
      "sleep_probs": {
        "集中": 0.04931182786822319,
        "眠気": 0.9506406188011169,
        "寝落ち": 4.754034671350382e-05
      },
      "concentration": 0.9999912977218628
    },
    {
      "clip_idx": 86,
      "frame": 696,
      "time_sec": 69.6,
      "sleep_state": "眠気",
      "sleep_class": 1,
      "sleep_probs": {
        "集中": 0.049616508185863495,
        "眠気": 0.9503350853919983,
        "寝落ち": 4.838478344026953e-05
      },
      "concentration": 0.9999911785125732
    },
    {
      "clip_idx": 87,
      "frame": 704,
      "time_sec": 70.4,
      "sleep_state": "眠気",
      "sleep_class": 1,
      "sleep_probs": {
        "集中": 0.051001355051994324,
        "眠気": 0.9489461183547974,
        "寝落ち": 5.24770439369604e-05
      },
      "concentration": 0.9999905824661255
    },
    {
      "clip_idx": 88,
      "frame": 712,
      "time_sec": 71.2,
      "sleep_state": "眠気",
      "sleep_class": 1,
      "sleep_probs": {
        "集中": 0.048103924840688705,
        "眠気": 0.9518517851829529,
        "寝落ち": 4.4285989133641124e-05
      },
      "concentration": 0.9999916553497314
    },
    {
      "clip_idx": 89,
      "frame": 720,
      "time_sec": 72.0,
      "sleep_state": "眠気",
      "sleep_class": 1,
      "sleep_probs": {
        "集中": 0.04812036454677582,
        "眠気": 0.9518353939056396,
        "寝落ち": 4.421807898324914e-05
      },
      "concentration": 0.999991774559021
    },
    {
      "clip_idx": 90,
      "frame": 728,
      "time_sec": 72.8,
      "sleep_state": "眠気",
      "sleep_class": 1,
      "sleep_probs": {
        "集中": 0.044496532529592514,
        "眠気": 0.9554685950279236,
        "寝落ち": 3.493687108857557e-05
      },
      "concentration": 0.9999933242797852
    },
    {
      "clip_idx": 91,
      "frame": 736,
      "time_sec": 73.6,
      "sleep_state": "眠気",
      "sleep_class": 1,
      "sleep_probs": {
        "集中": 0.04004291817545891,
        "眠気": 0.9599317312240601,
        "寝落ち": 2.5386945708305575e-05
      },
      "concentration": 0.9999947547912598
    },
    {
      "clip_idx": 92,
      "frame": 744,
      "time_sec": 74.4,
      "sleep_state": "眠気",
      "sleep_class": 1,
      "sleep_probs": {
        "集中": 0.03830113634467125,
        "眠気": 0.9616764783859253,
        "寝落ち": 2.2324733436107635e-05
      },
      "concentration": 0.9999951124191284
    },
    {
      "clip_idx": 93,
      "frame": 752,
      "time_sec": 75.2,
      "sleep_state": "眠気",
      "sleep_class": 1,
      "sleep_probs": {
        "集中": 0.0382348895072937,
        "眠気": 0.961742639541626,
        "寝落ち": 2.2421329049393535e-05
      },
      "concentration": 0.9999949932098389
    },
    {
      "clip_idx": 94,
      "frame": 760,
      "time_sec": 76.0,
      "sleep_state": "眠気",
      "sleep_class": 1,
      "sleep_probs": {
        "集中": 0.03663754090666771,
        "眠気": 0.9633426666259766,
        "寝落ち": 1.9730598069145344e-05
      },
      "concentration": 0.9999953508377075
    },
    {
      "clip_idx": 95,
      "frame": 768,
      "time_sec": 76.8,
      "sleep_state": "眠気",
      "sleep_class": 1,
      "sleep_probs": {
        "集中": 0.036033306270837784,
        "眠気": 0.9639478921890259,
        "寝落ち": 1.881144635262899e-05
      },
      "concentration": 0.9999954700469971
    },
    {
      "clip_idx": 96,
      "frame": 776,
      "time_sec": 77.6,
      "sleep_state": "眠気",
      "sleep_class": 1,
      "sleep_probs": {
        "集中": 0.03577807918190956,
        "眠気": 0.9642034769058228,
        "寝落ち": 1.8459460989106447e-05
      },
      "concentration": 0.9999954700469971
    },
    {
      "clip_idx": 97,
      "frame": 784,
      "time_sec": 78.4,
      "sleep_state": "眠気",
      "sleep_class": 1,
      "sleep_probs": {
        "集中": 0.03422590345144272,
        "眠気": 0.9657580256462097,
        "寝落ち": 1.6104808310046792e-05
      },
      "concentration": 0.9999959468841553
    },
    {
      "clip_idx": 98,
      "frame": 792,
      "time_sec": 79.2,
      "sleep_state": "眠気",
      "sleep_class": 1,
      "sleep_probs": {
        "集中": 0.03415476903319359,
        "眠気": 0.9658293128013611,
        "寝落ち": 1.5965990314725786e-05
      },
      "concentration": 0.9999960660934448
    },
    {
      "clip_idx": 99,
      "frame": 800,
      "time_sec": 80.0,
      "sleep_state": "眠気",
      "sleep_class": 1,
      "sleep_probs": {
        "集中": 0.03525064140558243,
        "眠気": 0.9647316336631775,
        "寝落ち": 1.767355752235744e-05
      },
      "concentration": 0.9999955892562866
    },
    {
      "clip_idx": 100,
      "frame": 808,
      "time_sec": 80.8,
      "sleep_state": "眠気",
      "sleep_class": 1,
      "sleep_probs": {
        "集中": 0.03559231013059616,
        "眠気": 0.9643893837928772,
        "寝落ち": 1.8302958778804168e-05
      },
      "concentration": 0.9999953508377075
    },
    {
      "clip_idx": 101,
      "frame": 816,
      "time_sec": 81.6,
      "sleep_state": "眠気",
      "sleep_class": 1,
      "sleep_probs": {
        "集中": 0.034990597516298294,
        "眠気": 0.9649919867515564,
        "寝落ち": 1.7336795281153172e-05
      },
      "concentration": 0.9999955892562866
    },
    {
      "clip_idx": 102,
      "frame": 824,
      "time_sec": 82.4,
      "sleep_state": "眠気",
      "sleep_class": 1,
      "sleep_probs": {
        "集中": 0.03505100682377815,
        "眠気": 0.9649314880371094,
        "寝落ち": 1.7421893062419258e-05
      },
      "concentration": 0.9999955892562866
    },
    {
      "clip_idx": 103,
      "frame": 832,
      "time_sec": 83.2,
      "sleep_state": "眠気",
      "sleep_class": 1,
      "sleep_probs": {
        "集中": 0.0346556156873703,
        "眠気": 0.9653276205062866,
        "寝落ち": 1.6813073671073653e-05
      },
      "concentration": 0.9999957084655762
    },
    {
      "clip_idx": 104,
      "frame": 840,
      "time_sec": 84.0,
      "sleep_state": "眠気",
      "sleep_class": 1,
      "sleep_probs": {
        "集中": 0.03647247701883316,
        "眠気": 0.9635077714920044,
        "寝落ち": 1.9689821783686057e-05
      },
      "concentration": 0.9999951124191284
    },
    {
      "clip_idx": 105,
      "frame": 848,
      "time_sec": 84.8,
      "sleep_state": "眠気",
      "sleep_class": 1,
      "sleep_probs": {
        "集中": 0.038735531270504,
        "眠気": 0.9612407684326172,
        "寝落ち": 2.3686850909143686e-05
      },
      "concentration": 0.9999943971633911
    },
    {
      "clip_idx": 106,
      "frame": 856,
      "time_sec": 85.6,
      "sleep_state": "眠気",
      "sleep_class": 1,
      "sleep_probs": {
        "集中": 0.03667224198579788,
        "眠気": 0.9633078575134277,
        "寝落ち": 1.9928806068492122e-05
      },
      "concentration": 0.9999951124191284
    },
    {
      "clip_idx": 107,
      "frame": 864,
      "time_sec": 86.4,
      "sleep_state": "眠気",
      "sleep_class": 1,
      "sleep_probs": {
        "集中": 0.035507217049598694,
        "眠気": 0.9644747376441956,
        "寝落ち": 1.7976493836613372e-05
      },
      "concentration": 0.9999955892562866
    },
    {
      "clip_idx": 108,
      "frame": 872,
      "time_sec": 87.2,
      "sleep_state": "眠気",
      "sleep_class": 1,
      "sleep_probs": {
        "集中": 0.038050103932619095,
        "眠気": 0.961927592754364,
        "寝落ち": 2.2257403543335386e-05
      },
      "concentration": 0.9999947547912598
    },
    {
      "clip_idx": 109,
      "frame": 880,
      "time_sec": 88.0,
      "sleep_state": "眠気",
      "sleep_class": 1,
      "sleep_probs": {
        "集中": 0.03602776303887367,
        "眠気": 0.96395343542099,
        "寝落ち": 1.8805565559887327e-05
      },
      "concentration": 0.9999954700469971
    },
    {
      "clip_idx": 110,
      "frame": 888,
      "time_sec": 88.8,
      "sleep_state": "眠気",
      "sleep_class": 1,
      "sleep_probs": {
        "集中": 0.03559771552681923,
        "眠気": 0.9643840789794922,
        "寝落ち": 1.8190223272540607e-05
      },
      "concentration": 0.9999954700469971
    },
    {
      "clip_idx": 111,
      "frame": 896,
      "time_sec": 89.6,
      "sleep_state": "眠気",
      "sleep_class": 1,
      "sleep_probs": {
        "集中": 0.0358751080930233,
        "眠気": 0.9641062021255493,
        "寝落ち": 1.868491744971834e-05
      },
      "concentration": 0.9999953508377075
    },
    {
      "clip_idx": 112,
      "frame": 904,
      "time_sec": 90.4,
      "sleep_state": "眠気",
      "sleep_class": 1,
      "sleep_probs": {
        "集中": 0.0353032648563385,
        "眠気": 0.964678943157196,
        "寝落ち": 1.7783180737751536e-05
      },
      "concentration": 0.9999955892562866
    },
    {
      "clip_idx": 113,
      "frame": 912,
      "time_sec": 91.2,
      "sleep_state": "眠気",
      "sleep_class": 1,
      "sleep_probs": {
        "集中": 0.034595608711242676,
        "眠気": 0.9653877019882202,
        "寝落ち": 1.6699190382496454e-05
      },
      "concentration": 0.9999958276748657
    },
    {
      "clip_idx": 114,
      "frame": 920,
      "time_sec": 92.0,
      "sleep_state": "眠気",
      "sleep_class": 1,
      "sleep_probs": {
        "集中": 0.036502450704574585,
        "眠気": 0.9634777903556824,
        "寝落ち": 1.972550126083661e-05
      },
      "concentration": 0.9999951124191284
    },
    {
      "clip_idx": 115,
      "frame": 928,
      "time_sec": 92.8,
      "sleep_state": "眠気",
      "sleep_class": 1,
      "sleep_probs": {
        "集中": 0.036099422723054886,
        "眠気": 0.9638815522193909,
        "寝落ち": 1.906870602397248e-05
      },
      "concentration": 0.999995231628418
    },
    {
      "clip_idx": 116,
      "frame": 936,
      "time_sec": 93.6,
      "sleep_state": "眠気",
      "sleep_class": 1,
      "sleep_probs": {
        "集中": 0.03642522171139717,
        "眠気": 0.9635551571846008,
        "寝落ち": 1.964178227353841e-05
      },
      "concentration": 0.9999951124191284
    },
    {
      "clip_idx": 117,
      "frame": 944,
      "time_sec": 94.4,
      "sleep_state": "眠気",
      "sleep_class": 1,
      "sleep_probs": {
        "集中": 0.03865247964859009,
        "眠気": 0.9613239765167236,
        "寝落ち": 2.3540938855148852e-05
      },
      "concentration": 0.9999942779541016
    },
    {
      "clip_idx": 118,
      "frame": 952,
      "time_sec": 95.2,
      "sleep_state": "眠気",
      "sleep_class": 1,
      "sleep_probs": {
        "集中": 0.03721662238240242,
        "眠気": 0.9627624750137329,
        "寝落ち": 2.0883122488157824e-05
      },
      "concentration": 0.9999948740005493
    },
    {
      "clip_idx": 119,
      "frame": 960,
      "time_sec": 96.0,
      "sleep_state": "眠気",
      "sleep_class": 1,
      "sleep_probs": {
        "集中": 0.03636067360639572,
        "眠気": 0.9636198878288269,
        "寝落ち": 1.9430051906965673e-05
      },
      "concentration": 0.999995231628418
    },
    {
      "clip_idx": 120,
      "frame": 968,
      "time_sec": 96.8,
      "sleep_state": "眠気",
      "sleep_class": 1,
      "sleep_probs": {
        "集中": 0.03778957203030586,
        "眠気": 0.9621884226799011,
        "寝落ち": 2.1935988115728833e-05
      },
      "concentration": 0.9999946355819702
    },
    {
      "clip_idx": 121,
      "frame": 976,
      "time_sec": 97.6,
      "sleep_state": "眠気",
      "sleep_class": 1,
      "sleep_probs": {
        "集中": 0.03785363584756851,
        "眠気": 0.9621243476867676,
        "寝落ち": 2.2046975573175587e-05
      },
      "concentration": 0.9999946355819702
    },
    {
      "clip_idx": 122,
      "frame": 984,
      "time_sec": 98.4,
      "sleep_state": "眠気",
      "sleep_class": 1,
      "sleep_probs": {
        "集中": 0.037089549005031586,
        "眠気": 0.9628897905349731,
        "寝落ち": 2.0630885046557523e-05
      },
      "concentration": 0.9999949932098389
    },
    {
      "clip_idx": 123,
      "frame": 992,
      "time_sec": 99.2,
      "sleep_state": "眠気",
      "sleep_class": 1,
      "sleep_probs": {
        "集中": 0.03614718094468117,
        "眠気": 0.9638338088989258,
        "寝落ち": 1.8991973774973303e-05
      },
      "concentration": 0.9999954700469971
    },
    {
      "clip_idx": 124,
      "frame": 1000,
      "time_sec": 100.0,
      "sleep_state": "眠気",
      "sleep_class": 1,
      "sleep_probs": {
        "集中": 0.03530022129416466,
        "眠気": 0.9646821618080139,
        "寝落ち": 1.764432636264246e-05
      },
      "concentration": 0.9999957084655762
    },
    {
      "clip_idx": 125,
      "frame": 1008,
      "time_sec": 100.8,
      "sleep_state": "眠気",
      "sleep_class": 1,
      "sleep_probs": {
        "集中": 0.0357326939702034,
        "眠気": 0.9642490744590759,
        "寝落ち": 1.8281180018675514e-05
      },
      "concentration": 0.9999955892562866
    },
    {
      "clip_idx": 126,
      "frame": 1016,
      "time_sec": 101.6,
      "sleep_state": "眠気",
      "sleep_class": 1,
      "sleep_probs": {
        "集中": 0.034978631883859634,
        "眠気": 0.9650042057037354,
        "寝落ち": 1.711603908916004e-05
      },
      "concentration": 0.9999958276748657
    },
    {
      "clip_idx": 127,
      "frame": 1024,
      "time_sec": 102.4,
      "sleep_state": "眠気",
      "sleep_class": 1,
      "sleep_probs": {
        "集中": 0.03311144933104515,
        "眠気": 0.9668740630149841,
        "寝落ち": 1.451304979127599e-05
      },
      "concentration": 0.9999963045120239
    },
    {
      "clip_idx": 128,
      "frame": 1032,
      "time_sec": 103.2,
      "sleep_state": "眠気",
      "sleep_class": 1,
      "sleep_probs": {
        "集中": 0.0338151790201664,
        "眠気": 0.9661693572998047,
        "寝落ち": 1.5502791939070448e-05
      },
      "concentration": 0.9999960660934448
    },
    {
      "clip_idx": 129,
      "frame": 1040,
      "time_sec": 104.0,
      "sleep_state": "眠気",
      "sleep_class": 1,
      "sleep_probs": {
        "集中": 0.03482052683830261,
        "眠気": 0.965162456035614,
        "寝落ち": 1.7021155144902878e-05
      },
      "concentration": 0.9999958276748657
    },
    {
      "clip_idx": 130,
      "frame": 1048,
      "time_sec": 104.8,
      "sleep_state": "眠気",
      "sleep_class": 1,
      "sleep_probs": {
        "集中": 0.03429894521832466,
        "眠気": 0.9656847715377808,
        "寝落ち": 1.6324143871315755e-05
      },
      "concentration": 0.9999958276748657
    },
    {
      "clip_idx": 131,
      "frame": 1056,
      "time_sec": 105.6,
      "sleep_state": "眠気",
      "sleep_class": 1,
      "sleep_probs": {
        "集中": 0.03451995179057121,
        "眠気": 0.9654633402824402,
        "寝落ち": 1.6677246094332077e-05
      },
      "concentration": 0.9999957084655762
    },
    {
      "clip_idx": 132,
      "frame": 1064,
      "time_sec": 106.4,
      "sleep_state": "眠気",
      "sleep_class": 1,
      "sleep_probs": {
        "集中": 0.03515658900141716,
        "眠気": 0.9648257493972778,
        "寝落ち": 1.7642005332163535e-05
      },
      "concentration": 0.9999954700469971
    },
    {
      "clip_idx": 133,
      "frame": 1072,
      "time_sec": 107.2,
      "sleep_state": "眠気",
      "sleep_class": 1,
      "sleep_probs": {
        "集中": 0.033457014709711075,
        "眠気": 0.9665278196334839,
        "寝落ち": 1.5116656868485734e-05
      },
      "concentration": 0.9999960660934448
    },
    {
      "clip_idx": 134,
      "frame": 1080,
      "time_sec": 108.0,
      "sleep_state": "眠気",
      "sleep_class": 1,
      "sleep_probs": {
        "集中": 0.03378906846046448,
        "眠気": 0.966195285320282,
        "寝落ち": 1.5602987332385965e-05
      },
      "concentration": 0.9999959468841553
    },
    {
      "clip_idx": 135,
      "frame": 1088,
      "time_sec": 108.8,
      "sleep_state": "眠気",
      "sleep_class": 1,
      "sleep_probs": {
        "集中": 0.03463515266776085,
        "眠気": 0.965347945690155,
        "寝落ち": 1.6874439097591676e-05
      },
      "concentration": 0.9999955892562866
    },
    {
      "clip_idx": 136,
      "frame": 1096,
      "time_sec": 109.6,
      "sleep_state": "眠気",
      "sleep_class": 1,
      "sleep_probs": {
        "集中": 0.03383594751358032,
        "眠気": 0.966148316860199,
        "寝落ち": 1.5675486793043092e-05
      },
      "concentration": 0.9999959468841553
    },
    {
      "clip_idx": 137,
      "frame": 1104,
      "time_sec": 110.4,
      "sleep_state": "眠気",
      "sleep_class": 1,
      "sleep_probs": {
        "集中": 0.03341163694858551,
        "眠気": 0.9665733575820923,
        "寝落ち": 1.5039975551189855e-05
      },
      "concentration": 0.9999960660934448
    },
    {
      "clip_idx": 138,
      "frame": 1112,
      "time_sec": 111.2,
      "sleep_state": "眠気",
      "sleep_class": 1,
      "sleep_probs": {
        "集中": 0.033307190984487534,
        "眠気": 0.9666779637336731,
        "寝落ち": 1.485574830439873e-05
      },
      "concentration": 0.9999961853027344
    },
    {
      "clip_idx": 139,
      "frame": 1120,
      "time_sec": 112.0,
      "sleep_state": "眠気",
      "sleep_class": 1,
      "sleep_probs": {
        "集中": 0.03335047513246536,
        "眠気": 0.9666346311569214,
        "寝落ち": 1.4927139091014396e-05
      },
      "concentration": 0.9999961853027344
    },
    {
      "clip_idx": 140,
      "frame": 1128,
      "time_sec": 112.8,
      "sleep_state": "眠気",
      "sleep_class": 1,
      "sleep_probs": {
        "集中": 0.0333915539085865,
        "眠気": 0.9665933847427368,
        "寝落ち": 1.4981450476625469e-05
      },
      "concentration": 0.9999961853027344
    },
    {
      "clip_idx": 141,
      "frame": 1136,
      "time_sec": 113.6,
      "sleep_state": "眠気",
      "sleep_class": 1,
      "sleep_probs": {
        "集中": 0.03450930863618851,
        "眠気": 0.965474009513855,
        "寝落ち": 1.6643238268443383e-05
      },
      "concentration": 0.9999957084655762
    },
    {
      "clip_idx": 142,
      "frame": 1144,
      "time_sec": 114.4,
      "sleep_state": "眠気",
      "sleep_class": 1,
      "sleep_probs": {
        "集中": 0.03509191423654556,
        "眠気": 0.9648905396461487,
        "寝落ち": 1.7567554095876403e-05
      },
      "concentration": 0.9999954700469971
    },
    {
      "clip_idx": 143,
      "frame": 1152,
      "time_sec": 115.2,
      "sleep_state": "眠気",
      "sleep_class": 1,
      "sleep_probs": {
        "集中": 0.03612567484378815,
        "眠気": 0.9638552069664001,
        "寝落ち": 1.9189516024198383e-05
      },
      "concentration": 0.9999951124191284
    },
    {
      "clip_idx": 144,
      "frame": 1160,
      "time_sec": 116.0,
      "sleep_state": "眠気",
      "sleep_class": 1,
      "sleep_probs": {
        "集中": 0.037165481597185135,
        "眠気": 0.9628136157989502,
        "寝落ち": 2.0841693185502663e-05
      },
      "concentration": 0.9999948740005493
    },
    {
      "clip_idx": 145,
      "frame": 1168,
      "time_sec": 116.8,
      "sleep_state": "眠気",
      "sleep_class": 1,
      "sleep_probs": {
        "集中": 0.03590158000588417,
        "眠気": 0.964079737663269,
        "寝落ち": 1.8706938135437667e-05
      },
      "concentration": 0.9999953508377075
    },
    {
      "clip_idx": 146,
      "frame": 1176,
      "time_sec": 117.6,
      "sleep_state": "眠気",
      "sleep_class": 1,
      "sleep_probs": {
        "集中": 0.03427823632955551,
        "眠気": 0.9657055735588074,
        "寝落ち": 1.6204503481276333e-05
      },
      "concentration": 0.9999958276748657
    },
    {
      "clip_idx": 147,
      "frame": 1184,
      "time_sec": 118.4,
      "sleep_state": "眠気",
      "sleep_class": 1,
      "sleep_probs": {
        "集中": 0.033856891095638275,
        "眠気": 0.9661275148391724,
        "寝落ち": 1.558800067869015e-05
      },
      "concentration": 0.9999960660934448
    },
    {
      "clip_idx": 148,
      "frame": 1192,
      "time_sec": 119.2,
      "sleep_state": "眠気",
      "sleep_class": 1,
      "sleep_probs": {
        "集中": 0.033975061029195786,
        "眠気": 0.9660091400146484,
        "寝落ち": 1.574721136421431e-05
      },
      "concentration": 0.9999960660934448
    },
    {
      "clip_idx": 149,
      "frame": 1200,
      "time_sec": 120.0,
      "sleep_state": "眠気",
      "sleep_class": 1,
      "sleep_probs": {
        "集中": 0.034954268485307693,
        "眠気": 0.9650285243988037,
        "寝落ち": 1.721991429803893e-05
      },
      "concentration": 0.9999957084655762
    },
    {
      "clip_idx": 150,
      "frame": 1208,
      "time_sec": 120.8,
      "sleep_state": "眠気",
      "sleep_class": 1,
      "sleep_probs": {
        "集中": 0.03699579834938049,
        "眠気": 0.9629836082458496,
        "寝落ち": 2.0563356883940287e-05
      },
      "concentration": 0.9999949932098389
    },
    {
      "clip_idx": 151,
      "frame": 1216,
      "time_sec": 121.6,
      "sleep_state": "眠気",
      "sleep_class": 1,
      "sleep_probs": {
        "集中": 0.03679049760103226,
        "眠気": 0.9631892442703247,
        "寝落ち": 2.0207571651553735e-05
      },
      "concentration": 0.9999951124191284
    },
    {
      "clip_idx": 152,
      "frame": 1224,
      "time_sec": 122.4,
      "sleep_state": "眠気",
      "sleep_class": 1,
      "sleep_probs": {
        "集中": 0.037147652357816696,
        "眠気": 0.9628316164016724,
        "寝落ち": 2.0766270608874038e-05
      },
      "concentration": 0.9999949932098389
    },
    {
      "clip_idx": 153,
      "frame": 1232,
      "time_sec": 123.2,
      "sleep_state": "眠気",
      "sleep_class": 1,
      "sleep_probs": {
        "集中": 0.036410748958587646,
        "眠気": 0.9635696411132812,
        "寝落ち": 1.9549237549654208e-05
      },
      "concentration": 0.999995231628418
    },
    {
      "clip_idx": 154,
      "frame": 1240,
      "time_sec": 124.0,
      "sleep_state": "眠気",
      "sleep_class": 1,
      "sleep_probs": {
        "集中": 0.034847062081098557,
        "眠気": 0.9651358127593994,
        "寝落ち": 1.714014979370404e-05
      },
      "concentration": 0.9999955892562866
    }
  ]
}
================================================================================

================================================================================
受信時刻: 2025-12-12 12:23:36
セッションID: 131 | 結果ID: 15
ユーザー: Gayagaya

【ライト設定】
  RGB: (255, 255, 255)
  輝度: 100%

【受信データ全体】
{
  "video_path": "/content/drive/MyDrive/concentration_training_data/video_20251211_160633.mp4",
  "summary": {
    "集中": 5.88235294117647,
    "眠気": 94.11764705882352,
    "寝落ち": 0.0
  },
  "avg_concentration": 0.9999831174713334,
  "num_predictions": 153,
  "results": [
    {
      "clip_idx": 2,
      "frame": 24,
      "time_sec": 2.4,
      "sleep_state": "眠気",
      "sleep_class": 1,
      "sleep_probs": {
        "集中": 0.06074975058436394,
        "眠気": 0.9391624331474304,
        "寝落ち": 8.785041427472606e-05
      },
      "concentration": 0.9999799728393555
    },
    {
      "clip_idx": 3,
      "frame": 32,
      "time_sec": 3.2,
      "sleep_state": "眠気",
      "sleep_class": 1,
      "sleep_probs": {
        "集中": 0.05576780438423157,
        "眠気": 0.9441642761230469,
        "寝落ち": 6.791006308048964e-05
      },
      "concentration": 0.9999861717224121
    },
    {
      "clip_idx": 4,
      "frame": 40,
      "time_sec": 4.0,
      "sleep_state": "眠気",
      "sleep_class": 1,
      "sleep_probs": {
        "集中": 0.049805548042058945,
        "眠気": 0.9501460790634155,
        "寝落ち": 4.837031883653253e-05
      },
      "concentration": 0.9999903440475464
    },
    {
      "clip_idx": 5,
      "frame": 48,
      "time_sec": 4.8,
      "sleep_state": "眠気",
      "sleep_class": 1,
      "sleep_probs": {
        "集中": 0.09863412380218506,
        "眠気": 0.9010726809501648,
        "寝落ち": 0.00029326268122531474
      },
      "concentration": 0.9999722242355347
    },
    {
      "clip_idx": 6,
      "frame": 56,
      "time_sec": 5.6,
      "sleep_state": "集中",
      "sleep_class": 0,
      "sleep_probs": {
        "集中": 0.5513692498207092,
        "眠気": 0.44193270802497864,
        "寝落ち": 0.006698015611618757
      },
      "concentration": 0.999937891960144
    },
    {
      "clip_idx": 7,
      "frame": 64,
      "time_sec": 6.4,
      "sleep_state": "集中",
      "sleep_class": 0,
      "sleep_probs": {
        "集中": 0.8357899188995361,
        "眠気": 0.1582055240869522,
        "寝落ち": 0.0060045793652534485
      },
      "concentration": 0.9999470710754395
    },
    {
      "clip_idx": 8,
      "frame": 72,
      "time_sec": 7.2,
      "sleep_state": "集中",
      "sleep_class": 0,
      "sleep_probs": {
        "集中": 0.9302759766578674,
        "眠気": 0.06579282879829407,
        "寝落ち": 0.003931241575628519
      },
      "concentration": 0.9999552965164185
    },
    {
      "clip_idx": 9,
      "frame": 80,
      "time_sec": 8.0,
      "sleep_state": "集中",
      "sleep_class": 0,
      "sleep_probs": {
        "集中": 0.979536771774292,
        "眠気": 0.018883729353547096,
        "寝落ち": 0.0015795327490195632
      },
      "concentration": 0.999976634979248
    },
    {
      "clip_idx": 10,
      "frame": 88,
      "time_sec": 8.8,
      "sleep_state": "集中",
      "sleep_class": 0,
      "sleep_probs": {
        "集中": 0.984749436378479,
        "眠気": 0.013921244069933891,
        "寝落ち": 0.0013292982475832105
      },
      "concentration": 0.9999762773513794
    },
    {
      "clip_idx": 11,
      "frame": 96,
      "time_sec": 9.6,
      "sleep_state": "集中",
      "sleep_class": 0,
      "sleep_probs": {
        "集中": 0.9875288009643555,
        "眠気": 0.011338184587657452,
        "寝落ち": 0.0011329228291288018
      },
      "concentration": 0.999976396560669
    },
    {
      "clip_idx": 12,
      "frame": 104,
      "time_sec": 10.4,
      "sleep_state": "集中",
      "sleep_class": 0,
      "sleep_probs": {
        "集中": 0.9740570783615112,
        "眠気": 0.023313339799642563,
        "寝落ち": 0.0026295389980077744
      },
      "concentration": 0.9998793601989746
    },
    {
      "clip_idx": 13,
      "frame": 112,
      "time_sec": 11.2,
      "sleep_state": "集中",
      "sleep_class": 0,
      "sleep_probs": {
        "集中": 0.8438692688941956,
        "眠気": 0.14423424005508423,
        "寝落ち": 0.011896515265107155
      },
      "concentration": 0.9995065927505493
    },
    {
      "clip_idx": 14,
      "frame": 120,
      "time_sec": 12.0,
      "sleep_state": "集中",
      "sleep_class": 0,
      "sleep_probs": {
        "集中": 0.6149172782897949,
        "眠気": 0.37409481406211853,
        "寝落ち": 0.010987890884280205
      },
      "concentration": 0.9996280670166016
    },
    {
      "clip_idx": 15,
      "frame": 128,
      "time_sec": 12.8,
      "sleep_state": "眠気",
      "sleep_class": 1,
      "sleep_probs": {
        "集中": 0.43404510617256165,
        "眠気": 0.5608866214752197,
        "寝落ち": 0.005068258848041296
      },
      "concentration": 0.9998451471328735
    },
    {
      "clip_idx": 16,
      "frame": 136,
      "time_sec": 13.6,
      "sleep_state": "眠気",
      "sleep_class": 1,
      "sleep_probs": {
        "集中": 0.3089475929737091,
        "眠気": 0.6883753538131714,
        "寝落ち": 0.0026770527474582195
      },
      "concentration": 0.9999358654022217
    },
    {
      "clip_idx": 17,
      "frame": 144,
      "time_sec": 14.4,
      "sleep_state": "眠気",
      "sleep_class": 1,
      "sleep_probs": {
        "集中": 0.24547553062438965,
        "眠気": 0.7528356909751892,
        "寝落ち": 0.001688780845142901
      },
      "concentration": 0.999957799911499
    },
    {
      "clip_idx": 18,
      "frame": 152,
      "time_sec": 15.2,
      "sleep_state": "眠気",
      "sleep_class": 1,
      "sleep_probs": {
        "集中": 0.19181540608406067,
        "眠気": 0.8069826364517212,
        "寝落ち": 0.0012019139248877764
      },
      "concentration": 0.9999566078186035
    },
    {
      "clip_idx": 19,
      "frame": 160,
      "time_sec": 16.0,
      "sleep_state": "眠気",
      "sleep_class": 1,
      "sleep_probs": {
        "集中": 0.11967530101537704,
        "眠気": 0.8799050450325012,
        "寝落ち": 0.0004197335510980338
      },
      "concentration": 0.9999747276306152
    },
    {
      "clip_idx": 20,
      "frame": 168,
      "time_sec": 16.8,
      "sleep_state": "眠気",
      "sleep_class": 1,
      "sleep_probs": {
        "集中": 0.10145901143550873,
        "眠気": 0.8982502222061157,
        "寝落ち": 0.0002907270682044327
      },
      "concentration": 0.9999778270721436
    },
    {
      "clip_idx": 21,
      "frame": 176,
      "time_sec": 17.6,
      "sleep_state": "眠気",
      "sleep_class": 1,
      "sleep_probs": {
        "集中": 0.08359076082706451,
        "眠気": 0.916222095489502,
        "寝落ち": 0.00018711919256020337
      },
      "concentration": 0.9999809265136719
    },
    {
      "clip_idx": 22,
      "frame": 184,
      "time_sec": 18.4,
      "sleep_state": "眠気",
      "sleep_class": 1,
      "sleep_probs": {
        "集中": 0.07250331342220306,
        "眠気": 0.9273635745048523,
        "寝落ち": 0.000133152338094078
      },
      "concentration": 0.9999833106994629
    },
    {
      "clip_idx": 23,
      "frame": 192,
      "time_sec": 19.2,
      "sleep_state": "眠気",
      "sleep_class": 1,
      "sleep_probs": {
        "集中": 0.06971754133701324,
        "眠気": 0.9301623702049255,
        "寝落ち": 0.00012004727614112198
      },
      "concentration": 0.9999841451644897
    },
    {
      "clip_idx": 24,
      "frame": 200,
      "time_sec": 20.0,
      "sleep_state": "眠気",
      "sleep_class": 1,
      "sleep_probs": {
        "集中": 0.07519061118364334,
        "眠気": 0.9246639013290405,
        "寝落ち": 0.00014546947204507887
      },
      "concentration": 0.9999823570251465
    },
    {
      "clip_idx": 25,
      "frame": 208,
      "time_sec": 20.8,
      "sleep_state": "眠気",
      "sleep_class": 1,
      "sleep_probs": {
        "集中": 0.07846846431493759,
        "眠気": 0.9213708639144897,
        "寝落ち": 0.00016067842079792172
      },
      "concentration": 0.9999817609786987
    },
    {
      "clip_idx": 26,
      "frame": 216,
      "time_sec": 21.6,
      "sleep_state": "眠気",
      "sleep_class": 1,
      "sleep_probs": {
        "集中": 0.08538313210010529,
        "眠気": 0.9144200682640076,
        "寝落ち": 0.00019676811643876135
      },
      "concentration": 0.9999798536300659
    },
    {
      "clip_idx": 27,
      "frame": 224,
      "time_sec": 22.4,
      "sleep_state": "眠気",
      "sleep_class": 1,
      "sleep_probs": {
        "集中": 0.09190833568572998,
        "眠気": 0.9078575968742371,
        "寝落ち": 0.00023409072309732437
      },
      "concentration": 0.9999783039093018
    },
    {
      "clip_idx": 28,
      "frame": 232,
      "time_sec": 23.2,
      "sleep_state": "眠気",
      "sleep_class": 1,
      "sleep_probs": {
        "集中": 0.08482736349105835,
        "眠気": 0.9149817228317261,
        "寝落ち": 0.00019093546143267304
      },
      "concentration": 0.9999810457229614
    },
    {
      "clip_idx": 29,
      "frame": 240,
      "time_sec": 24.0,
      "sleep_state": "眠気",
      "sleep_class": 1,
      "sleep_probs": {
        "集中": 0.0842042937874794,
        "眠気": 0.9156078696250916,
        "寝落ち": 0.0001878755138022825
      },
      "concentration": 0.9999812841415405
    },
    {
      "clip_idx": 30,
      "frame": 248,
      "time_sec": 24.8,
      "sleep_state": "眠気",
      "sleep_class": 1,
      "sleep_probs": {
        "集中": 0.0809367224574089,
        "眠気": 0.9188920855522156,
        "寝落ち": 0.00017117528477683663
      },
      "concentration": 0.9999825954437256
    },
    {
      "clip_idx": 31,
      "frame": 256,
      "time_sec": 25.6,
      "sleep_state": "眠気",
      "sleep_class": 1,
      "sleep_probs": {
        "集中": 0.06864888221025467,
        "眠気": 0.9312397837638855,
        "寝落ち": 0.00011134238593513146
      },
      "concentration": 0.9999868869781494
    },
    {
      "clip_idx": 32,
      "frame": 264,
      "time_sec": 26.4,
      "sleep_state": "眠気",
      "sleep_class": 1,
      "sleep_probs": {
        "集中": 0.06614439189434052,
        "眠気": 0.9337539076805115,
        "寝落ち": 0.00010171135363634676
      },
      "concentration": 0.9999873638153076
    },
    {
      "clip_idx": 33,
      "frame": 272,
      "time_sec": 27.2,
      "sleep_state": "眠気",
      "sleep_class": 1,
      "sleep_probs": {
        "集中": 0.06395208835601807,
        "眠気": 0.9359548091888428,
        "寝落ち": 9.309117740485817e-05
      },
      "concentration": 0.9999881982803345
    },
    {
      "clip_idx": 34,
      "frame": 280,
      "time_sec": 28.0,
      "sleep_state": "眠気",
      "sleep_class": 1,
      "sleep_probs": {
        "集中": 0.06185953691601753,
        "眠気": 0.9380550384521484,
        "寝落ち": 8.537471876479685e-05
      },
      "concentration": 0.9999887943267822
    },
    {
      "clip_idx": 35,
      "frame": 288,
      "time_sec": 28.8,
      "sleep_state": "眠気",
      "sleep_class": 1,
      "sleep_probs": {
        "集中": 0.0636163204908371,
        "眠気": 0.9362912774085999,
        "寝落ち": 9.237386257154867e-05
      },
      "concentration": 0.9999880790710449
    },
    {
      "clip_idx": 36,
      "frame": 296,
      "time_sec": 29.6,
      "sleep_state": "眠気",
      "sleep_class": 1,
      "sleep_probs": {
        "集中": 0.055112022906541824,
        "眠気": 0.9448251128196716,
        "寝落ち": 6.286434654612094e-05
      },
      "concentration": 0.9999908208847046
    },
    {
      "clip_idx": 37,
      "frame": 304,
      "time_sec": 30.4,
      "sleep_state": "眠気",
      "sleep_class": 1,
      "sleep_probs": {
        "集中": 0.05010484531521797,
        "眠気": 0.9498463869094849,
        "寝落ち": 4.882288340013474e-05
      },
      "concentration": 0.9999920129776001
    },
    {
      "clip_idx": 38,
      "frame": 312,
      "time_sec": 31.2,
      "sleep_state": "眠気",
      "sleep_class": 1,
      "sleep_probs": {
        "集中": 0.05580344796180725,
        "眠気": 0.9441303014755249,
        "寝落ち": 6.630449934164062e-05
      },
      "concentration": 0.9999897480010986
    },
    {
      "clip_idx": 39,
      "frame": 320,
      "time_sec": 32.0,
      "sleep_state": "眠気",
      "sleep_class": 1,
      "sleep_probs": {
        "集中": 0.0552561953663826,
        "眠気": 0.9446791410446167,
        "寝落ち": 6.472746463259682e-05
      },
      "concentration": 0.9999898672103882
    },
    {
      "clip_idx": 40,
      "frame": 328,
      "time_sec": 32.8,
      "sleep_state": "眠気",
      "sleep_class": 1,
      "sleep_probs": {
        "集中": 0.05213802680373192,
        "眠気": 0.9478065967559814,
        "寝落ち": 5.530605631065555e-05
      },
      "concentration": 0.999990701675415
    },
    {
      "clip_idx": 41,
      "frame": 336,
      "time_sec": 33.6,
      "sleep_state": "眠気",
      "sleep_class": 1,
      "sleep_probs": {
        "集中": 0.04665625840425491,
        "眠気": 0.9533042907714844,
        "寝落ち": 3.9419468521373346e-05
      },
      "concentration": 0.999993085861206
    },
    {
      "clip_idx": 42,
      "frame": 344,
      "time_sec": 34.4,
      "sleep_state": "眠気",
      "sleep_class": 1,
      "sleep_probs": {
        "集中": 0.043219275772571564,
        "眠気": 0.956749439239502,
        "寝落ち": 3.131627454422414e-05
      },
      "concentration": 0.999994158744812
    },
    {
      "clip_idx": 43,
      "frame": 352,
      "time_sec": 35.2,
      "sleep_state": "眠気",
      "sleep_class": 1,
      "sleep_probs": {
        "集中": 0.04255727306008339,
        "眠気": 0.957412600517273,
        "寝落ち": 3.0148134101182222e-05
      },
      "concentration": 0.9999942779541016
    },
    {
      "clip_idx": 44,
      "frame": 360,
      "time_sec": 36.0,
      "sleep_state": "眠気",
      "sleep_class": 1,
      "sleep_probs": {
        "集中": 0.04270854592323303,
        "眠気": 0.9572605490684509,
        "寝落ち": 3.090108293690719e-05
      },
      "concentration": 0.9999940395355225
    },
    {
      "clip_idx": 45,
      "frame": 368,
      "time_sec": 36.8,
      "sleep_state": "眠気",
      "sleep_class": 1,
      "sleep_probs": {
        "集中": 0.04401824250817299,
        "眠気": 0.9559474587440491,
        "寝落ち": 3.4352982765994966e-05
      },
      "concentration": 0.9999932050704956
    },
    {
      "clip_idx": 46,
      "frame": 376,
      "time_sec": 37.6,
      "sleep_state": "眠気",
      "sleep_class": 1,
      "sleep_probs": {
        "集中": 0.04398314654827118,
        "眠気": 0.9559826254844666,
        "寝落ち": 3.423673115321435e-05
      },
      "concentration": 0.9999932050704956
    },
    {
      "clip_idx": 47,
      "frame": 384,
      "time_sec": 38.4,
      "sleep_state": "眠気",
      "sleep_class": 1,
      "sleep_probs": {
        "集中": 0.046095024794340134,
        "眠気": 0.9538657069206238,
        "寝落ち": 3.930296588805504e-05
      },
      "concentration": 0.9999926090240479
    },
    {
      "clip_idx": 48,
      "frame": 392,
      "time_sec": 39.2,
      "sleep_state": "眠気",
      "sleep_class": 1,
      "sleep_probs": {
        "集中": 0.04375919699668884,
        "眠気": 0.9562072157859802,
        "寝落ち": 3.359683614689857e-05
      },
      "concentration": 0.9999934434890747
    },
    {
      "clip_idx": 49,
      "frame": 400,
      "time_sec": 40.0,
      "sleep_state": "眠気",
      "sleep_class": 1,
      "sleep_probs": {
        "集中": 0.04200703650712967,
        "眠気": 0.957963228225708,
        "寝落ち": 2.9730388632742688e-05
      },
      "concentration": 0.9999938011169434
    },
    {
      "clip_idx": 50,
      "frame": 408,
      "time_sec": 40.8,
      "sleep_state": "眠気",
      "sleep_class": 1,
      "sleep_probs": {
        "集中": 0.043966758996248245,
        "眠気": 0.9559988379478455,
        "寝落ち": 3.434631071286276e-05
      },
      "concentration": 0.999992847442627
    },
    {
      "clip_idx": 51,
      "frame": 416,
      "time_sec": 41.6,
      "sleep_state": "眠気",
      "sleep_class": 1,
      "sleep_probs": {
        "集中": 0.04522867500782013,
        "眠気": 0.9547337889671326,
        "寝落ち": 3.748312155948952e-05
      },
      "concentration": 0.9999923706054688
    },
    {
      "clip_idx": 52,
      "frame": 424,
      "time_sec": 42.4,
      "sleep_state": "眠気",
      "sleep_class": 1,
      "sleep_probs": {
        "集中": 0.04647571220993996,
        "眠気": 0.9534837603569031,
        "寝落ち": 4.049079507240094e-05
      },
      "concentration": 0.9999920129776001
    },
    {
      "clip_idx": 53,
      "frame": 432,
      "time_sec": 43.2,
      "sleep_state": "眠気",
      "sleep_class": 1,
      "sleep_probs": {
        "集中": 0.0480630099773407,
        "眠気": 0.9518924951553345,
        "寝落ち": 4.448913023225032e-05
      },
      "concentration": 0.9999915361404419
    },
    {
      "clip_idx": 54,
      "frame": 440,
      "time_sec": 44.0,
      "sleep_state": "眠気",
      "sleep_class": 1,
      "sleep_probs": {
        "集中": 0.04529416561126709,
        "眠気": 0.9546685814857483,
        "寝落ち": 3.724940324900672e-05
      },
      "concentration": 0.9999927282333374
    },
    {
      "clip_idx": 55,
      "frame": 448,
      "time_sec": 44.8,
      "sleep_state": "眠気",
      "sleep_class": 1,
      "sleep_probs": {
        "集中": 0.04443545639514923,
        "眠気": 0.9555293321609497,
        "寝落ち": 3.522530823829584e-05
      },
      "concentration": 0.9999929666519165
    },
    {
      "clip_idx": 56,
      "frame": 456,
      "time_sec": 45.6,
      "sleep_state": "眠気",
      "sleep_class": 1,
      "sleep_probs": {
        "集中": 0.04606844112277031,
        "眠気": 0.9538922905921936,
        "寝落ち": 3.9297730836551636e-05
      },
      "concentration": 0.9999923706054688
    },
    {
      "clip_idx": 57,
      "frame": 464,
      "time_sec": 46.4,
      "sleep_state": "眠気",
      "sleep_class": 1,
      "sleep_probs": {
        "集中": 0.049454767256975174,
        "眠気": 0.9504968523979187,
        "寝落ち": 4.84372976643499e-05
      },
      "concentration": 0.9999909400939941
    },
    {
      "clip_idx": 58,
      "frame": 472,
      "time_sec": 47.2,
      "sleep_state": "眠気",
      "sleep_class": 1,
      "sleep_probs": {
        "集中": 0.05153350159525871,
        "眠気": 0.9484121799468994,
        "寝落ち": 5.4368225391954184e-05
      },
      "concentration": 0.9999902248382568
    },
    {
      "clip_idx": 59,
      "frame": 480,
      "time_sec": 48.0,
      "sleep_state": "眠気",
      "sleep_class": 1,
      "sleep_probs": {
        "集中": 0.051811277866363525,
        "眠気": 0.9481337666511536,
        "寝落ち": 5.493219941854477e-05
      },
      "concentration": 0.9999902248382568
    },
    {
      "clip_idx": 60,
      "frame": 488,
      "time_sec": 48.8,
      "sleep_state": "眠気",
      "sleep_class": 1,
      "sleep_probs": {
        "集中": 0.05106038600206375,
        "眠気": 0.9488868117332458,
        "寝落ち": 5.2780014812015e-05
      },
      "concentration": 0.9999904632568359
    },
    {
      "clip_idx": 61,
      "frame": 496,
      "time_sec": 49.6,
      "sleep_state": "眠気",
      "sleep_class": 1,
      "sleep_probs": {
        "集中": 0.04938090592622757,
        "眠気": 0.9505711793899536,
        "寝落ち": 4.7924284444889054e-05
      },
      "concentration": 0.9999910593032837
    },
    {
      "clip_idx": 62,
      "frame": 504,
      "time_sec": 50.4,
      "sleep_state": "眠気",
      "sleep_class": 1,
      "sleep_probs": {
        "集中": 0.049771085381507874,
        "眠気": 0.9501798748970032,
        "寝落ち": 4.904506931779906e-05
      },
      "concentration": 0.9999909400939941
    },
    {
      "clip_idx": 63,
      "frame": 512,
      "time_sec": 51.2,
      "sleep_state": "眠気",
      "sleep_class": 1,
      "sleep_probs": {
        "集中": 0.044224269688129425,
        "眠気": 0.955741286277771,
        "寝落ち": 3.44279469572939e-05
      },
      "concentration": 0.9999933242797852
    },
    {
      "clip_idx": 64,
      "frame": 520,
      "time_sec": 52.0,
      "sleep_state": "眠気",
      "sleep_class": 1,
      "sleep_probs": {
        "集中": 0.03725578263401985,
        "眠気": 0.9627240300178528,
        "寝落ち": 2.0193996533635072e-05
      },
      "concentration": 0.9999957084655762
    },
    {
      "clip_idx": 65,
      "frame": 528,
      "time_sec": 52.8,
      "sleep_state": "眠気",
      "sleep_class": 1,
      "sleep_probs": {
        "集中": 0.035170551389455795,
        "眠気": 0.9648124575614929,
        "寝落ち": 1.6970707292784937e-05
      },
      "concentration": 0.9999963045120239
    },
    {
      "clip_idx": 66,
      "frame": 536,
      "time_sec": 53.6,
      "sleep_state": "眠気",
      "sleep_class": 1,
      "sleep_probs": {
        "集中": 0.03435337916016579,
        "眠気": 0.9656307101249695,
        "寝落ち": 1.586059806868434e-05
      },
      "concentration": 0.9999964237213135
    },
    {
      "clip_idx": 67,
      "frame": 544,
      "time_sec": 54.4,
      "sleep_state": "眠気",
      "sleep_class": 1,
      "sleep_probs": {
        "集中": 0.03347742557525635,
        "眠気": 0.9665077924728394,
        "寝落ち": 1.4750663467566483e-05
      },
      "concentration": 0.999996542930603
    },
    {
      "clip_idx": 68,
      "frame": 552,
      "time_sec": 55.2,
      "sleep_state": "眠気",
      "sleep_class": 1,
      "sleep_probs": {
        "集中": 0.03362032026052475,
        "眠気": 0.9663645625114441,
        "寝落ち": 1.5077535863383673e-05
      },
      "concentration": 0.9999964237213135
    },
    {
      "clip_idx": 69,
      "frame": 560,
      "time_sec": 56.0,
      "sleep_state": "眠気",
      "sleep_class": 1,
      "sleep_probs": {
        "集中": 0.03430603817105293,
        "眠気": 0.9656778573989868,
        "寝落ち": 1.60606959980214e-05
      },
      "concentration": 0.9999961853027344
    },
    {
      "clip_idx": 70,
      "frame": 568,
      "time_sec": 56.8,
      "sleep_state": "眠気",
      "sleep_class": 1,
      "sleep_probs": {
        "集中": 0.034887105226516724,
        "眠気": 0.9650959372520447,
        "寝落ち": 1.702433110040147e-05
      },
      "concentration": 0.9999958276748657
    },
    {
      "clip_idx": 71,
      "frame": 576,
      "time_sec": 57.6,
      "sleep_state": "眠気",
      "sleep_class": 1,
      "sleep_probs": {
        "集中": 0.03677840530872345,
        "眠気": 0.9632014632225037,
        "寝落ち": 2.0169454728602432e-05
      },
      "concentration": 0.9999951124191284
    },
    {
      "clip_idx": 72,
      "frame": 584,
      "time_sec": 58.4,
      "sleep_state": "眠気",
      "sleep_class": 1,
      "sleep_probs": {
        "集中": 0.03811825066804886,
        "眠気": 0.9618592262268066,
        "寝落ち": 2.255603794765193e-05
      },
      "concentration": 0.9999946355819702
    },
    {
      "clip_idx": 73,
      "frame": 592,
      "time_sec": 59.2,
      "sleep_state": "眠気",
      "sleep_class": 1,
      "sleep_probs": {
        "集中": 0.03857043385505676,
        "眠気": 0.9614061713218689,
        "寝落ち": 2.3376140234177e-05
      },
      "concentration": 0.9999943971633911
    },
    {
      "clip_idx": 74,
      "frame": 600,
      "time_sec": 60.0,
      "sleep_state": "眠気",
      "sleep_class": 1,
      "sleep_probs": {
        "集中": 0.040380291640758514,
        "眠気": 0.9595929384231567,
        "寝落ち": 2.6818788683158346e-05
      },
      "concentration": 0.9999938011169434
    },
    {
      "clip_idx": 75,
      "frame": 608,
      "time_sec": 60.8,
      "sleep_state": "眠気",
      "sleep_class": 1,
      "sleep_probs": {
        "集中": 0.04278910160064697,
        "眠気": 0.957179069519043,
        "寝落ち": 3.1864503398537636e-05
      },
      "concentration": 0.9999929666519165
    },
    {
      "clip_idx": 76,
      "frame": 616,
      "time_sec": 61.6,
      "sleep_state": "眠気",
      "sleep_class": 1,
      "sleep_probs": {
        "集中": 0.04387281462550163,
        "眠気": 0.9560930132865906,
        "寝落ち": 3.421486326260492e-05
      },
      "concentration": 0.9999927282333374
    },
    {
      "clip_idx": 77,
      "frame": 624,
      "time_sec": 62.4,
      "sleep_state": "眠気",
      "sleep_class": 1,
      "sleep_probs": {
        "集中": 0.046103108674287796,
        "眠気": 0.9538573622703552,
        "寝落ち": 3.9538866985822096e-05
      },
      "concentration": 0.9999920129776001
    },
    {
      "clip_idx": 78,
      "frame": 632,
      "time_sec": 63.2,
      "sleep_state": "眠気",
      "sleep_class": 1,
      "sleep_probs": {
        "集中": 0.04845838248729706,
        "眠気": 0.9514960646629333,
        "寝落ち": 4.556636486086063e-05
      },
      "concentration": 0.9999912977218628
    },
    {
      "clip_idx": 79,
      "frame": 640,
      "time_sec": 64.0,
      "sleep_state": "眠気",
      "sleep_class": 1,
      "sleep_probs": {
        "集中": 0.049520041793584824,
        "眠気": 0.9504317045211792,
        "寝落ち": 4.8286943638231605e-05
      },
      "concentration": 0.9999910593032837
    },
    {
      "clip_idx": 80,
      "frame": 648,
      "time_sec": 64.8,
      "sleep_state": "眠気",
      "sleep_class": 1,
      "sleep_probs": {
        "集中": 0.052232835441827774,
        "眠気": 0.9477112293243408,
        "寝落ち": 5.598731149802916e-05
      },
      "concentration": 0.9999902248382568
    },
    {
      "clip_idx": 81,
      "frame": 656,
      "time_sec": 65.6,
      "sleep_state": "眠気",
      "sleep_class": 1,
      "sleep_probs": {
        "集中": 0.05289779603481293,
        "眠気": 0.947044312953949,
        "寝落ち": 5.7879726227838546e-05
      },
      "concentration": 0.9999899864196777
    },
    {
      "clip_idx": 82,
      "frame": 664,
      "time_sec": 66.4,
      "sleep_state": "眠気",
      "sleep_class": 1,
      "sleep_probs": {
        "集中": 0.0524933859705925,
        "眠気": 0.9474499225616455,
        "寝落ち": 5.663106276188046e-05
      },
      "concentration": 0.9999902248382568
    },
    {
      "clip_idx": 83,
      "frame": 672,
      "time_sec": 67.2,
      "sleep_state": "眠気",
      "sleep_class": 1,
      "sleep_probs": {
        "集中": 0.05121979862451553,
        "眠気": 0.9487273097038269,
        "寝落ち": 5.285318547976203e-05
      },
      "concentration": 0.999990701675415
    },
    {
      "clip_idx": 84,
      "frame": 680,
      "time_sec": 68.0,
      "sleep_state": "眠気",
      "sleep_class": 1,
      "sleep_probs": {
        "集中": 0.050900984555482864,
        "眠気": 0.9490469694137573,
        "寝落ち": 5.2108673116890714e-05
      },
      "concentration": 0.9999905824661255
    },
    {
      "clip_idx": 85,
      "frame": 688,
      "time_sec": 68.8,
      "sleep_state": "眠気",
      "sleep_class": 1,
      "sleep_probs": {
        "集中": 0.04931182786822319,
        "眠気": 0.9506406188011169,
        "寝落ち": 4.754034671350382e-05
      },
      "concentration": 0.9999912977218628
    },
    {
      "clip_idx": 86,
      "frame": 696,
      "time_sec": 69.6,
      "sleep_state": "眠気",
      "sleep_class": 1,
      "sleep_probs": {
        "集中": 0.049616508185863495,
        "眠気": 0.9503350853919983,
        "寝落ち": 4.838478344026953e-05
      },
      "concentration": 0.9999911785125732
    },
    {
      "clip_idx": 87,
      "frame": 704,
      "time_sec": 70.4,
      "sleep_state": "眠気",
      "sleep_class": 1,
      "sleep_probs": {
        "集中": 0.051001355051994324,
        "眠気": 0.9489461183547974,
        "寝落ち": 5.24770439369604e-05
      },
      "concentration": 0.9999905824661255
    },
    {
      "clip_idx": 88,
      "frame": 712,
      "time_sec": 71.2,
      "sleep_state": "眠気",
      "sleep_class": 1,
      "sleep_probs": {
        "集中": 0.048103924840688705,
        "眠気": 0.9518517851829529,
        "寝落ち": 4.4285989133641124e-05
      },
      "concentration": 0.9999916553497314
    },
    {
      "clip_idx": 89,
      "frame": 720,
      "time_sec": 72.0,
      "sleep_state": "眠気",
      "sleep_class": 1,
      "sleep_probs": {
        "集中": 0.04812036454677582,
        "眠気": 0.9518353939056396,
        "寝落ち": 4.421807898324914e-05
      },
      "concentration": 0.999991774559021
    },
    {
      "clip_idx": 90,
      "frame": 728,
      "time_sec": 72.8,
      "sleep_state": "眠気",
      "sleep_class": 1,
      "sleep_probs": {
        "集中": 0.044496532529592514,
        "眠気": 0.9554685950279236,
        "寝落ち": 3.493687108857557e-05
      },
      "concentration": 0.9999933242797852
    },
    {
      "clip_idx": 91,
      "frame": 736,
      "time_sec": 73.6,
      "sleep_state": "眠気",
      "sleep_class": 1,
      "sleep_probs": {
        "集中": 0.04004291817545891,
        "眠気": 0.9599317312240601,
        "寝落ち": 2.5386945708305575e-05
      },
      "concentration": 0.9999947547912598
    },
    {
      "clip_idx": 92,
      "frame": 744,
      "time_sec": 74.4,
      "sleep_state": "眠気",
      "sleep_class": 1,
      "sleep_probs": {
        "集中": 0.03830113634467125,
        "眠気": 0.9616764783859253,
        "寝落ち": 2.2324733436107635e-05
      },
      "concentration": 0.9999951124191284
    },
    {
      "clip_idx": 93,
      "frame": 752,
      "time_sec": 75.2,
      "sleep_state": "眠気",
      "sleep_class": 1,
      "sleep_probs": {
        "集中": 0.0382348895072937,
        "眠気": 0.961742639541626,
        "寝落ち": 2.2421329049393535e-05
      },
      "concentration": 0.9999949932098389
    },
    {
      "clip_idx": 94,
      "frame": 760,
      "time_sec": 76.0,
      "sleep_state": "眠気",
      "sleep_class": 1,
      "sleep_probs": {
        "集中": 0.03663754090666771,
        "眠気": 0.9633426666259766,
        "寝落ち": 1.9730598069145344e-05
      },
      "concentration": 0.9999953508377075
    },
    {
      "clip_idx": 95,
      "frame": 768,
      "time_sec": 76.8,
      "sleep_state": "眠気",
      "sleep_class": 1,
      "sleep_probs": {
        "集中": 0.036033306270837784,
        "眠気": 0.9639478921890259,
        "寝落ち": 1.881144635262899e-05
      },
      "concentration": 0.9999954700469971
    },
    {
      "clip_idx": 96,
      "frame": 776,
      "time_sec": 77.6,
      "sleep_state": "眠気",
      "sleep_class": 1,
      "sleep_probs": {
        "集中": 0.03577807918190956,
        "眠気": 0.9642034769058228,
        "寝落ち": 1.8459460989106447e-05
      },
      "concentration": 0.9999954700469971
    },
    {
      "clip_idx": 97,
      "frame": 784,
      "time_sec": 78.4,
      "sleep_state": "眠気",
      "sleep_class": 1,
      "sleep_probs": {
        "集中": 0.03422590345144272,
        "眠気": 0.9657580256462097,
        "寝落ち": 1.6104808310046792e-05
      },
      "concentration": 0.9999959468841553
    },
    {
      "clip_idx": 98,
      "frame": 792,
      "time_sec": 79.2,
      "sleep_state": "眠気",
      "sleep_class": 1,
      "sleep_probs": {
        "集中": 0.03415476903319359,
        "眠気": 0.9658293128013611,
        "寝落ち": 1.5965990314725786e-05
      },
      "concentration": 0.9999960660934448
    },
    {
      "clip_idx": 99,
      "frame": 800,
      "time_sec": 80.0,
      "sleep_state": "眠気",
      "sleep_class": 1,
      "sleep_probs": {
        "集中": 0.03525064140558243,
        "眠気": 0.9647316336631775,
        "寝落ち": 1.767355752235744e-05
      },
      "concentration": 0.9999955892562866
    },
    {
      "clip_idx": 100,
      "frame": 808,
      "time_sec": 80.8,
      "sleep_state": "眠気",
      "sleep_class": 1,
      "sleep_probs": {
        "集中": 0.03559231013059616,
        "眠気": 0.9643893837928772,
        "寝落ち": 1.8302958778804168e-05
      },
      "concentration": 0.9999953508377075
    },
    {
      "clip_idx": 101,
      "frame": 816,
      "time_sec": 81.6,
      "sleep_state": "眠気",
      "sleep_class": 1,
      "sleep_probs": {
        "集中": 0.034990597516298294,
        "眠気": 0.9649919867515564,
        "寝落ち": 1.7336795281153172e-05
      },
      "concentration": 0.9999955892562866
    },
    {
      "clip_idx": 102,
      "frame": 824,
      "time_sec": 82.4,
      "sleep_state": "眠気",
      "sleep_class": 1,
      "sleep_probs": {
        "集中": 0.03505100682377815,
        "眠気": 0.9649314880371094,
        "寝落ち": 1.7421893062419258e-05
      },
      "concentration": 0.9999955892562866
    },
    {
      "clip_idx": 103,
      "frame": 832,
      "time_sec": 83.2,
      "sleep_state": "眠気",
      "sleep_class": 1,
      "sleep_probs": {
        "集中": 0.0346556156873703,
        "眠気": 0.9653276205062866,
        "寝落ち": 1.6813073671073653e-05
      },
      "concentration": 0.9999957084655762
    },
    {
      "clip_idx": 104,
      "frame": 840,
      "time_sec": 84.0,
      "sleep_state": "眠気",
      "sleep_class": 1,
      "sleep_probs": {
        "集中": 0.03647247701883316,
        "眠気": 0.9635077714920044,
        "寝落ち": 1.9689821783686057e-05
      },
      "concentration": 0.9999951124191284
    },
    {
      "clip_idx": 105,
      "frame": 848,
      "time_sec": 84.8,
      "sleep_state": "眠気",
      "sleep_class": 1,
      "sleep_probs": {
        "集中": 0.038735531270504,
        "眠気": 0.9612407684326172,
        "寝落ち": 2.3686850909143686e-05
      },
      "concentration": 0.9999943971633911
    },
    {
      "clip_idx": 106,
      "frame": 856,
      "time_sec": 85.6,
      "sleep_state": "眠気",
      "sleep_class": 1,
      "sleep_probs": {
        "集中": 0.03667224198579788,
        "眠気": 0.9633078575134277,
        "寝落ち": 1.9928806068492122e-05
      },
      "concentration": 0.9999951124191284
    },
    {
      "clip_idx": 107,
      "frame": 864,
      "time_sec": 86.4,
      "sleep_state": "眠気",
      "sleep_class": 1,
      "sleep_probs": {
        "集中": 0.035507217049598694,
        "眠気": 0.9644747376441956,
        "寝落ち": 1.7976493836613372e-05
      },
      "concentration": 0.9999955892562866
    },
    {
      "clip_idx": 108,
      "frame": 872,
      "time_sec": 87.2,
      "sleep_state": "眠気",
      "sleep_class": 1,
      "sleep_probs": {
        "集中": 0.038050103932619095,
        "眠気": 0.961927592754364,
        "寝落ち": 2.2257403543335386e-05
      },
      "concentration": 0.9999947547912598
    },
    {
      "clip_idx": 109,
      "frame": 880,
      "time_sec": 88.0,
      "sleep_state": "眠気",
      "sleep_class": 1,
      "sleep_probs": {
        "集中": 0.03602776303887367,
        "眠気": 0.96395343542099,
        "寝落ち": 1.8805565559887327e-05
      },
      "concentration": 0.9999954700469971
    },
    {
      "clip_idx": 110,
      "frame": 888,
      "time_sec": 88.8,
      "sleep_state": "眠気",
      "sleep_class": 1,
      "sleep_probs": {
        "集中": 0.03559771552681923,
        "眠気": 0.9643840789794922,
        "寝落ち": 1.8190223272540607e-05
      },
      "concentration": 0.9999954700469971
    },
    {
      "clip_idx": 111,
      "frame": 896,
      "time_sec": 89.6,
      "sleep_state": "眠気",
      "sleep_class": 1,
      "sleep_probs": {
        "集中": 0.0358751080930233,
        "眠気": 0.9641062021255493,
        "寝落ち": 1.868491744971834e-05
      },
      "concentration": 0.9999953508377075
    },
    {
      "clip_idx": 112,
      "frame": 904,
      "time_sec": 90.4,
      "sleep_state": "眠気",
      "sleep_class": 1,
      "sleep_probs": {
        "集中": 0.0353032648563385,
        "眠気": 0.964678943157196,
        "寝落ち": 1.7783180737751536e-05
      },
      "concentration": 0.9999955892562866
    },
    {
      "clip_idx": 113,
      "frame": 912,
      "time_sec": 91.2,
      "sleep_state": "眠気",
      "sleep_class": 1,
      "sleep_probs": {
        "集中": 0.034595608711242676,
        "眠気": 0.9653877019882202,
        "寝落ち": 1.6699190382496454e-05
      },
      "concentration": 0.9999958276748657
    },
    {
      "clip_idx": 114,
      "frame": 920,
      "time_sec": 92.0,
      "sleep_state": "眠気",
      "sleep_class": 1,
      "sleep_probs": {
        "集中": 0.036502450704574585,
        "眠気": 0.9634777903556824,
        "寝落ち": 1.972550126083661e-05
      },
      "concentration": 0.9999951124191284
    },
    {
      "clip_idx": 115,
      "frame": 928,
      "time_sec": 92.8,
      "sleep_state": "眠気",
      "sleep_class": 1,
      "sleep_probs": {
        "集中": 0.036099422723054886,
        "眠気": 0.9638815522193909,
        "寝落ち": 1.906870602397248e-05
      },
      "concentration": 0.999995231628418
    },
    {
      "clip_idx": 116,
      "frame": 936,
      "time_sec": 93.6,
      "sleep_state": "眠気",
      "sleep_class": 1,
      "sleep_probs": {
        "集中": 0.03642522171139717,
        "眠気": 0.9635551571846008,
        "寝落ち": 1.964178227353841e-05
      },
      "concentration": 0.9999951124191284
    },
    {
      "clip_idx": 117,
      "frame": 944,
      "time_sec": 94.4,
      "sleep_state": "眠気",
      "sleep_class": 1,
      "sleep_probs": {
        "集中": 0.03865247964859009,
        "眠気": 0.9613239765167236,
        "寝落ち": 2.3540938855148852e-05
      },
      "concentration": 0.9999942779541016
    },
    {
      "clip_idx": 118,
      "frame": 952,
      "time_sec": 95.2,
      "sleep_state": "眠気",
      "sleep_class": 1,
      "sleep_probs": {
        "集中": 0.03721662238240242,
        "眠気": 0.9627624750137329,
        "寝落ち": 2.0883122488157824e-05
      },
      "concentration": 0.9999948740005493
    },
    {
      "clip_idx": 119,
      "frame": 960,
      "time_sec": 96.0,
      "sleep_state": "眠気",
      "sleep_class": 1,
      "sleep_probs": {
        "集中": 0.03636067360639572,
        "眠気": 0.9636198878288269,
        "寝落ち": 1.9430051906965673e-05
      },
      "concentration": 0.999995231628418
    },
    {
      "clip_idx": 120,
      "frame": 968,
      "time_sec": 96.8,
      "sleep_state": "眠気",
      "sleep_class": 1,
      "sleep_probs": {
        "集中": 0.03778957203030586,
        "眠気": 0.9621884226799011,
        "寝落ち": 2.1935988115728833e-05
      },
      "concentration": 0.9999946355819702
    },
    {
      "clip_idx": 121,
      "frame": 976,
      "time_sec": 97.6,
      "sleep_state": "眠気",
      "sleep_class": 1,
      "sleep_probs": {
        "集中": 0.03785363584756851,
        "眠気": 0.9621243476867676,
        "寝落ち": 2.2046975573175587e-05
      },
      "concentration": 0.9999946355819702
    },
    {
      "clip_idx": 122,
      "frame": 984,
      "time_sec": 98.4,
      "sleep_state": "眠気",
      "sleep_class": 1,
      "sleep_probs": {
        "集中": 0.037089549005031586,
        "眠気": 0.9628897905349731,
        "寝落ち": 2.0630885046557523e-05
      },
      "concentration": 0.9999949932098389
    },
    {
      "clip_idx": 123,
      "frame": 992,
      "time_sec": 99.2,
      "sleep_state": "眠気",
      "sleep_class": 1,
      "sleep_probs": {
        "集中": 0.03614718094468117,
        "眠気": 0.9638338088989258,
        "寝落ち": 1.8991973774973303e-05
      },
      "concentration": 0.9999954700469971
    },
    {
      "clip_idx": 124,
      "frame": 1000,
      "time_sec": 100.0,
      "sleep_state": "眠気",
      "sleep_class": 1,
      "sleep_probs": {
        "集中": 0.03530022129416466,
        "眠気": 0.9646821618080139,
        "寝落ち": 1.764432636264246e-05
      },
      "concentration": 0.9999957084655762
    },
    {
      "clip_idx": 125,
      "frame": 1008,
      "time_sec": 100.8,
      "sleep_state": "眠気",
      "sleep_class": 1,
      "sleep_probs": {
        "集中": 0.0357326939702034,
        "眠気": 0.9642490744590759,
        "寝落ち": 1.8281180018675514e-05
      },
      "concentration": 0.9999955892562866
    },
    {
      "clip_idx": 126,
      "frame": 1016,
      "time_sec": 101.6,
      "sleep_state": "眠気",
      "sleep_class": 1,
      "sleep_probs": {
        "集中": 0.034978631883859634,
        "眠気": 0.9650042057037354,
        "寝落ち": 1.711603908916004e-05
      },
      "concentration": 0.9999958276748657
    },
    {
      "clip_idx": 127,
      "frame": 1024,
      "time_sec": 102.4,
      "sleep_state": "眠気",
      "sleep_class": 1,
      "sleep_probs": {
        "集中": 0.03311144933104515,
        "眠気": 0.9668740630149841,
        "寝落ち": 1.451304979127599e-05
      },
      "concentration": 0.9999963045120239
    },
    {
      "clip_idx": 128,
      "frame": 1032,
      "time_sec": 103.2,
      "sleep_state": "眠気",
      "sleep_class": 1,
      "sleep_probs": {
        "集中": 0.0338151790201664,
        "眠気": 0.9661693572998047,
        "寝落ち": 1.5502791939070448e-05
      },
      "concentration": 0.9999960660934448
    },
    {
      "clip_idx": 129,
      "frame": 1040,
      "time_sec": 104.0,
      "sleep_state": "眠気",
      "sleep_class": 1,
      "sleep_probs": {
        "集中": 0.03482052683830261,
        "眠気": 0.965162456035614,
        "寝落ち": 1.7021155144902878e-05
      },
      "concentration": 0.9999958276748657
    },
    {
      "clip_idx": 130,
      "frame": 1048,
      "time_sec": 104.8,
      "sleep_state": "眠気",
      "sleep_class": 1,
      "sleep_probs": {
        "集中": 0.03429894521832466,
        "眠気": 0.9656847715377808,
        "寝落ち": 1.6324143871315755e-05
      },
      "concentration": 0.9999958276748657
    },
    {
      "clip_idx": 131,
      "frame": 1056,
      "time_sec": 105.6,
      "sleep_state": "眠気",
      "sleep_class": 1,
      "sleep_probs": {
        "集中": 0.03451995179057121,
        "眠気": 0.9654633402824402,
        "寝落ち": 1.6677246094332077e-05
      },
      "concentration": 0.9999957084655762
    },
    {
      "clip_idx": 132,
      "frame": 1064,
      "time_sec": 106.4,
      "sleep_state": "眠気",
      "sleep_class": 1,
      "sleep_probs": {
        "集中": 0.03515658900141716,
        "眠気": 0.9648257493972778,
        "寝落ち": 1.7642005332163535e-05
      },
      "concentration": 0.9999954700469971
    },
    {
      "clip_idx": 133,
      "frame": 1072,
      "time_sec": 107.2,
      "sleep_state": "眠気",
      "sleep_class": 1,
      "sleep_probs": {
        "集中": 0.033457014709711075,
        "眠気": 0.9665278196334839,
        "寝落ち": 1.5116656868485734e-05
      },
      "concentration": 0.9999960660934448
    },
    {
      "clip_idx": 134,
      "frame": 1080,
      "time_sec": 108.0,
      "sleep_state": "眠気",
      "sleep_class": 1,
      "sleep_probs": {
        "集中": 0.03378906846046448,
        "眠気": 0.966195285320282,
        "寝落ち": 1.5602987332385965e-05
      },
      "concentration": 0.9999959468841553
    },
    {
      "clip_idx": 135,
      "frame": 1088,
      "time_sec": 108.8,
      "sleep_state": "眠気",
      "sleep_class": 1,
      "sleep_probs": {
        "集中": 0.03463515266776085,
        "眠気": 0.965347945690155,
        "寝落ち": 1.6874439097591676e-05
      },
      "concentration": 0.9999955892562866
    },
    {
      "clip_idx": 136,
      "frame": 1096,
      "time_sec": 109.6,
      "sleep_state": "眠気",
      "sleep_class": 1,
      "sleep_probs": {
        "集中": 0.03383594751358032,
        "眠気": 0.966148316860199,
        "寝落ち": 1.5675486793043092e-05
      },
      "concentration": 0.9999959468841553
    },
    {
      "clip_idx": 137,
      "frame": 1104,
      "time_sec": 110.4,
      "sleep_state": "眠気",
      "sleep_class": 1,
      "sleep_probs": {
        "集中": 0.03341163694858551,
        "眠気": 0.9665733575820923,
        "寝落ち": 1.5039975551189855e-05
      },
      "concentration": 0.9999960660934448
    },
    {
      "clip_idx": 138,
      "frame": 1112,
      "time_sec": 111.2,
      "sleep_state": "眠気",
      "sleep_class": 1,
      "sleep_probs": {
        "集中": 0.033307190984487534,
        "眠気": 0.9666779637336731,
        "寝落ち": 1.485574830439873e-05
      },
      "concentration": 0.9999961853027344
    },
    {
      "clip_idx": 139,
      "frame": 1120,
      "time_sec": 112.0,
      "sleep_state": "眠気",
      "sleep_class": 1,
      "sleep_probs": {
        "集中": 0.03335047513246536,
        "眠気": 0.9666346311569214,
        "寝落ち": 1.4927139091014396e-05
      },
      "concentration": 0.9999961853027344
    },
    {
      "clip_idx": 140,
      "frame": 1128,
      "time_sec": 112.8,
      "sleep_state": "眠気",
      "sleep_class": 1,
      "sleep_probs": {
        "集中": 0.0333915539085865,
        "眠気": 0.9665933847427368,
        "寝落ち": 1.4981450476625469e-05
      },
      "concentration": 0.9999961853027344
    },
    {
      "clip_idx": 141,
      "frame": 1136,
      "time_sec": 113.6,
      "sleep_state": "眠気",
      "sleep_class": 1,
      "sleep_probs": {
        "集中": 0.03450930863618851,
        "眠気": 0.965474009513855,
        "寝落ち": 1.6643238268443383e-05
      },
      "concentration": 0.9999957084655762
    },
    {
      "clip_idx": 142,
      "frame": 1144,
      "time_sec": 114.4,
      "sleep_state": "眠気",
      "sleep_class": 1,
      "sleep_probs": {
        "集中": 0.03509191423654556,
        "眠気": 0.9648905396461487,
        "寝落ち": 1.7567554095876403e-05
      },
      "concentration": 0.9999954700469971
    },
    {
      "clip_idx": 143,
      "frame": 1152,
      "time_sec": 115.2,
      "sleep_state": "眠気",
      "sleep_class": 1,
      "sleep_probs": {
        "集中": 0.03612567484378815,
        "眠気": 0.9638552069664001,
        "寝落ち": 1.9189516024198383e-05
      },
      "concentration": 0.9999951124191284
    },
    {
      "clip_idx": 144,
      "frame": 1160,
      "time_sec": 116.0,
      "sleep_state": "眠気",
      "sleep_class": 1,
      "sleep_probs": {
        "集中": 0.037165481597185135,
        "眠気": 0.9628136157989502,
        "寝落ち": 2.0841693185502663e-05
      },
      "concentration": 0.9999948740005493
    },
    {
      "clip_idx": 145,
      "frame": 1168,
      "time_sec": 116.8,
      "sleep_state": "眠気",
      "sleep_class": 1,
      "sleep_probs": {
        "集中": 0.03590158000588417,
        "眠気": 0.964079737663269,
        "寝落ち": 1.8706938135437667e-05
      },
      "concentration": 0.9999953508377075
    },
    {
      "clip_idx": 146,
      "frame": 1176,
      "time_sec": 117.6,
      "sleep_state": "眠気",
      "sleep_class": 1,
      "sleep_probs": {
        "集中": 0.03427823632955551,
        "眠気": 0.9657055735588074,
        "寝落ち": 1.6204503481276333e-05
      },
      "concentration": 0.9999958276748657
    },
    {
      "clip_idx": 147,
      "frame": 1184,
      "time_sec": 118.4,
      "sleep_state": "眠気",
      "sleep_class": 1,
      "sleep_probs": {
        "集中": 0.033856891095638275,
        "眠気": 0.9661275148391724,
        "寝落ち": 1.558800067869015e-05
      },
      "concentration": 0.9999960660934448
    },
    {
      "clip_idx": 148,
      "frame": 1192,
      "time_sec": 119.2,
      "sleep_state": "眠気",
      "sleep_class": 1,
      "sleep_probs": {
        "集中": 0.033975061029195786,
        "眠気": 0.9660091400146484,
        "寝落ち": 1.574721136421431e-05
      },
      "concentration": 0.9999960660934448
    },
    {
      "clip_idx": 149,
      "frame": 1200,
      "time_sec": 120.0,
      "sleep_state": "眠気",
      "sleep_class": 1,
      "sleep_probs": {
        "集中": 0.034954268485307693,
        "眠気": 0.9650285243988037,
        "寝落ち": 1.721991429803893e-05
      },
      "concentration": 0.9999957084655762
    },
    {
      "clip_idx": 150,
      "frame": 1208,
      "time_sec": 120.8,
      "sleep_state": "眠気",
      "sleep_class": 1,
      "sleep_probs": {
        "集中": 0.03699579834938049,
        "眠気": 0.9629836082458496,
        "寝落ち": 2.0563356883940287e-05
      },
      "concentration": 0.9999949932098389
    },
    {
      "clip_idx": 151,
      "frame": 1216,
      "time_sec": 121.6,
      "sleep_state": "眠気",
      "sleep_class": 1,
      "sleep_probs": {
        "集中": 0.03679049760103226,
        "眠気": 0.9631892442703247,
        "寝落ち": 2.0207571651553735e-05
      },
      "concentration": 0.9999951124191284
    },
    {
      "clip_idx": 152,
      "frame": 1224,
      "time_sec": 122.4,
      "sleep_state": "眠気",
      "sleep_class": 1,
      "sleep_probs": {
        "集中": 0.037147652357816696,
        "眠気": 0.9628316164016724,
        "寝落ち": 2.0766270608874038e-05
      },
      "concentration": 0.9999949932098389
    },
    {
      "clip_idx": 153,
      "frame": 1232,
      "time_sec": 123.2,
      "sleep_state": "眠気",
      "sleep_class": 1,
      "sleep_probs": {
        "集中": 0.036410748958587646,
        "眠気": 0.9635696411132812,
        "寝落ち": 1.9549237549654208e-05
      },
      "concentration": 0.999995231628418
    },
    {
      "clip_idx": 154,
      "frame": 1240,
      "time_sec": 124.0,
      "sleep_state": "眠気",
      "sleep_class": 1,
      "sleep_probs": {
        "集中": 0.034847062081098557,
        "眠気": 0.9651358127593994,
        "寝落ち": 1.714014979370404e-05
      },
      "concentration": 0.9999955892562866
    }
  ]
}
================================================================================

================================================================================
受信時刻: 2025-12-12 13:17:42
セッションID: 132 | 結果ID: 16
ユーザー: Gayagaya

【ライト設定】
  RGB: (255, 255, 255)
  輝度: 100%

【受信データ全体】
{
  "video_path": "/content/drive/MyDrive/concentration_training_data/video_20251211_160633.mp4",
  "summary": {
    "集中": 5.88235294117647,
    "眠気": 94.11764705882352,
    "寝落ち": 0.0
  },
  "avg_concentration": 0.9999831174713334,
  "num_predictions": 153,
  "results": [
    {
      "clip_idx": 2,
      "frame": 24,
      "time_sec": 2.4,
      "sleep_state": "眠気",
      "sleep_class": 1,
      "sleep_probs": {
        "集中": 0.06074975058436394,
        "眠気": 0.9391624331474304,
        "寝落ち": 8.785041427472606e-05
      },
      "concentration": 0.9999799728393555
    },
    {
      "clip_idx": 3,
      "frame": 32,
      "time_sec": 3.2,
      "sleep_state": "眠気",
      "sleep_class": 1,
      "sleep_probs": {
        "集中": 0.05576780438423157,
        "眠気": 0.9441642761230469,
        "寝落ち": 6.791006308048964e-05
      },
      "concentration": 0.9999861717224121
    },
    {
      "clip_idx": 4,
      "frame": 40,
      "time_sec": 4.0,
      "sleep_state": "眠気",
      "sleep_class": 1,
      "sleep_probs": {
        "集中": 0.049805548042058945,
        "眠気": 0.9501460790634155,
        "寝落ち": 4.837031883653253e-05
      },
      "concentration": 0.9999903440475464
    },
    {
      "clip_idx": 5,
      "frame": 48,
      "time_sec": 4.8,
      "sleep_state": "眠気",
      "sleep_class": 1,
      "sleep_probs": {
        "集中": 0.09863412380218506,
        "眠気": 0.9010726809501648,
        "寝落ち": 0.00029326268122531474
      },
      "concentration": 0.9999722242355347
    },
    {
      "clip_idx": 6,
      "frame": 56,
      "time_sec": 5.6,
      "sleep_state": "集中",
      "sleep_class": 0,
      "sleep_probs": {
        "集中": 0.5513692498207092,
        "眠気": 0.44193270802497864,
        "寝落ち": 0.006698015611618757
      },
      "concentration": 0.999937891960144
    },
    {
      "clip_idx": 7,
      "frame": 64,
      "time_sec": 6.4,
      "sleep_state": "集中",
      "sleep_class": 0,
      "sleep_probs": {
        "集中": 0.8357899188995361,
        "眠気": 0.1582055240869522,
        "寝落ち": 0.0060045793652534485
      },
      "concentration": 0.9999470710754395
    },
    {
      "clip_idx": 8,
      "frame": 72,
      "time_sec": 7.2,
      "sleep_state": "集中",
      "sleep_class": 0,
      "sleep_probs": {
        "集中": 0.9302759766578674,
        "眠気": 0.06579282879829407,
        "寝落ち": 0.003931241575628519
      },
      "concentration": 0.9999552965164185
    },
    {
      "clip_idx": 9,
      "frame": 80,
      "time_sec": 8.0,
      "sleep_state": "集中",
      "sleep_class": 0,
      "sleep_probs": {
        "集中": 0.979536771774292,
        "眠気": 0.018883729353547096,
        "寝落ち": 0.0015795327490195632
      },
      "concentration": 0.999976634979248
    },
    {
      "clip_idx": 10,
      "frame": 88,
      "time_sec": 8.8,
      "sleep_state": "集中",
      "sleep_class": 0,
      "sleep_probs": {
        "集中": 0.984749436378479,
        "眠気": 0.013921244069933891,
        "寝落ち": 0.0013292982475832105
      },
      "concentration": 0.9999762773513794
    },
    {
      "clip_idx": 11,
      "frame": 96,
      "time_sec": 9.6,
      "sleep_state": "集中",
      "sleep_class": 0,
      "sleep_probs": {
        "集中": 0.9875288009643555,
        "眠気": 0.011338184587657452,
        "寝落ち": 0.0011329228291288018
      },
      "concentration": 0.999976396560669
    },
    {
      "clip_idx": 12,
      "frame": 104,
      "time_sec": 10.4,
      "sleep_state": "集中",
      "sleep_class": 0,
      "sleep_probs": {
        "集中": 0.9740570783615112,
        "眠気": 0.023313339799642563,
        "寝落ち": 0.0026295389980077744
      },
      "concentration": 0.9998793601989746
    },
    {
      "clip_idx": 13,
      "frame": 112,
      "time_sec": 11.2,
      "sleep_state": "集中",
      "sleep_class": 0,
      "sleep_probs": {
        "集中": 0.8438692688941956,
        "眠気": 0.14423424005508423,
        "寝落ち": 0.011896515265107155
      },
      "concentration": 0.9995065927505493
    },
    {
      "clip_idx": 14,
      "frame": 120,
      "time_sec": 12.0,
      "sleep_state": "集中",
      "sleep_class": 0,
      "sleep_probs": {
        "集中": 0.6149172782897949,
        "眠気": 0.37409481406211853,
        "寝落ち": 0.010987890884280205
      },
      "concentration": 0.9996280670166016
    },
    {
      "clip_idx": 15,
      "frame": 128,
      "time_sec": 12.8,
      "sleep_state": "眠気",
      "sleep_class": 1,
      "sleep_probs": {
        "集中": 0.43404510617256165,
        "眠気": 0.5608866214752197,
        "寝落ち": 0.005068258848041296
      },
      "concentration": 0.9998451471328735
    },
    {
      "clip_idx": 16,
      "frame": 136,
      "time_sec": 13.6,
      "sleep_state": "眠気",
      "sleep_class": 1,
      "sleep_probs": {
        "集中": 0.3089475929737091,
        "眠気": 0.6883753538131714,
        "寝落ち": 0.0026770527474582195
      },
      "concentration": 0.9999358654022217
    },
    {
      "clip_idx": 17,
      "frame": 144,
      "time_sec": 14.4,
      "sleep_state": "眠気",
      "sleep_class": 1,
      "sleep_probs": {
        "集中": 0.24547553062438965,
        "眠気": 0.7528356909751892,
        "寝落ち": 0.001688780845142901
      },
      "concentration": 0.999957799911499
    },
    {
      "clip_idx": 18,
      "frame": 152,
      "time_sec": 15.2,
      "sleep_state": "眠気",
      "sleep_class": 1,
      "sleep_probs": {
        "集中": 0.19181540608406067,
        "眠気": 0.8069826364517212,
        "寝落ち": 0.0012019139248877764
      },
      "concentration": 0.9999566078186035
    },
    {
      "clip_idx": 19,
      "frame": 160,
      "time_sec": 16.0,
      "sleep_state": "眠気",
      "sleep_class": 1,
      "sleep_probs": {
        "集中": 0.11967530101537704,
        "眠気": 0.8799050450325012,
        "寝落ち": 0.0004197335510980338
      },
      "concentration": 0.9999747276306152
    },
    {
      "clip_idx": 20,
      "frame": 168,
      "time_sec": 16.8,
      "sleep_state": "眠気",
      "sleep_class": 1,
      "sleep_probs": {
        "集中": 0.10145901143550873,
        "眠気": 0.8982502222061157,
        "寝落ち": 0.0002907270682044327
      },
      "concentration": 0.9999778270721436
    },
    {
      "clip_idx": 21,
      "frame": 176,
      "time_sec": 17.6,
      "sleep_state": "眠気",
      "sleep_class": 1,
      "sleep_probs": {
        "集中": 0.08359076082706451,
        "眠気": 0.916222095489502,
        "寝落ち": 0.00018711919256020337
      },
      "concentration": 0.9999809265136719
    },
    {
      "clip_idx": 22,
      "frame": 184,
      "time_sec": 18.4,
      "sleep_state": "眠気",
      "sleep_class": 1,
      "sleep_probs": {
        "集中": 0.07250331342220306,
        "眠気": 0.9273635745048523,
        "寝落ち": 0.000133152338094078
      },
      "concentration": 0.9999833106994629
    },
    {
      "clip_idx": 23,
      "frame": 192,
      "time_sec": 19.2,
      "sleep_state": "眠気",
      "sleep_class": 1,
      "sleep_probs": {
        "集中": 0.06971754133701324,
        "眠気": 0.9301623702049255,
        "寝落ち": 0.00012004727614112198
      },
      "concentration": 0.9999841451644897
    },
    {
      "clip_idx": 24,
      "frame": 200,
      "time_sec": 20.0,
      "sleep_state": "眠気",
      "sleep_class": 1,
      "sleep_probs": {
        "集中": 0.07519061118364334,
        "眠気": 0.9246639013290405,
        "寝落ち": 0.00014546947204507887
      },
      "concentration": 0.9999823570251465
    },
    {
      "clip_idx": 25,
      "frame": 208,
      "time_sec": 20.8,
      "sleep_state": "眠気",
      "sleep_class": 1,
      "sleep_probs": {
        "集中": 0.07846846431493759,
        "眠気": 0.9213708639144897,
        "寝落ち": 0.00016067842079792172
      },
      "concentration": 0.9999817609786987
    },
    {
      "clip_idx": 26,
      "frame": 216,
      "time_sec": 21.6,
      "sleep_state": "眠気",
      "sleep_class": 1,
      "sleep_probs": {
        "集中": 0.08538313210010529,
        "眠気": 0.9144200682640076,
        "寝落ち": 0.00019676811643876135
      },
      "concentration": 0.9999798536300659
    },
    {
      "clip_idx": 27,
      "frame": 224,
      "time_sec": 22.4,
      "sleep_state": "眠気",
      "sleep_class": 1,
      "sleep_probs": {
        "集中": 0.09190833568572998,
        "眠気": 0.9078575968742371,
        "寝落ち": 0.00023409072309732437
      },
      "concentration": 0.9999783039093018
    },
    {
      "clip_idx": 28,
      "frame": 232,
      "time_sec": 23.2,
      "sleep_state": "眠気",
      "sleep_class": 1,
      "sleep_probs": {
        "集中": 0.08482736349105835,
        "眠気": 0.9149817228317261,
        "寝落ち": 0.00019093546143267304
      },
      "concentration": 0.9999810457229614
    },
    {
      "clip_idx": 29,
      "frame": 240,
      "time_sec": 24.0,
      "sleep_state": "眠気",
      "sleep_class": 1,
      "sleep_probs": {
        "集中": 0.0842042937874794,
        "眠気": 0.9156078696250916,
        "寝落ち": 0.0001878755138022825
      },
      "concentration": 0.9999812841415405
    },
    {
      "clip_idx": 30,
      "frame": 248,
      "time_sec": 24.8,
      "sleep_state": "眠気",
      "sleep_class": 1,
      "sleep_probs": {
        "集中": 0.0809367224574089,
        "眠気": 0.9188920855522156,
        "寝落ち": 0.00017117528477683663
      },
      "concentration": 0.9999825954437256
    },
    {
      "clip_idx": 31,
      "frame": 256,
      "time_sec": 25.6,
      "sleep_state": "眠気",
      "sleep_class": 1,
      "sleep_probs": {
        "集中": 0.06864888221025467,
        "眠気": 0.9312397837638855,
        "寝落ち": 0.00011134238593513146
      },
      "concentration": 0.9999868869781494
    },
    {
      "clip_idx": 32,
      "frame": 264,
      "time_sec": 26.4,
      "sleep_state": "眠気",
      "sleep_class": 1,
      "sleep_probs": {
        "集中": 0.06614439189434052,
        "眠気": 0.9337539076805115,
        "寝落ち": 0.00010171135363634676
      },
      "concentration": 0.9999873638153076
    },
    {
      "clip_idx": 33,
      "frame": 272,
      "time_sec": 27.2,
      "sleep_state": "眠気",
      "sleep_class": 1,
      "sleep_probs": {
        "集中": 0.06395208835601807,
        "眠気": 0.9359548091888428,
        "寝落ち": 9.309117740485817e-05
      },
      "concentration": 0.9999881982803345
    },
    {
      "clip_idx": 34,
      "frame": 280,
      "time_sec": 28.0,
      "sleep_state": "眠気",
      "sleep_class": 1,
      "sleep_probs": {
        "集中": 0.06185953691601753,
        "眠気": 0.9380550384521484,
        "寝落ち": 8.537471876479685e-05
      },
      "concentration": 0.9999887943267822
    },
    {
      "clip_idx": 35,
      "frame": 288,
      "time_sec": 28.8,
      "sleep_state": "眠気",
      "sleep_class": 1,
      "sleep_probs": {
        "集中": 0.0636163204908371,
        "眠気": 0.9362912774085999,
        "寝落ち": 9.237386257154867e-05
      },
      "concentration": 0.9999880790710449
    },
    {
      "clip_idx": 36,
      "frame": 296,
      "time_sec": 29.6,
      "sleep_state": "眠気",
      "sleep_class": 1,
      "sleep_probs": {
        "集中": 0.055112022906541824,
        "眠気": 0.9448251128196716,
        "寝落ち": 6.286434654612094e-05
      },
      "concentration": 0.9999908208847046
    },
    {
      "clip_idx": 37,
      "frame": 304,
      "time_sec": 30.4,
      "sleep_state": "眠気",
      "sleep_class": 1,
      "sleep_probs": {
        "集中": 0.05010484531521797,
        "眠気": 0.9498463869094849,
        "寝落ち": 4.882288340013474e-05
      },
      "concentration": 0.9999920129776001
    },
    {
      "clip_idx": 38,
      "frame": 312,
      "time_sec": 31.2,
      "sleep_state": "眠気",
      "sleep_class": 1,
      "sleep_probs": {
        "集中": 0.05580344796180725,
        "眠気": 0.9441303014755249,
        "寝落ち": 6.630449934164062e-05
      },
      "concentration": 0.9999897480010986
    },
    {
      "clip_idx": 39,
      "frame": 320,
      "time_sec": 32.0,
      "sleep_state": "眠気",
      "sleep_class": 1,
      "sleep_probs": {
        "集中": 0.0552561953663826,
        "眠気": 0.9446791410446167,
        "寝落ち": 6.472746463259682e-05
      },
      "concentration": 0.9999898672103882
    },
    {
      "clip_idx": 40,
      "frame": 328,
      "time_sec": 32.8,
      "sleep_state": "眠気",
      "sleep_class": 1,
      "sleep_probs": {
        "集中": 0.05213802680373192,
        "眠気": 0.9478065967559814,
        "寝落ち": 5.530605631065555e-05
      },
      "concentration": 0.999990701675415
    },
    {
      "clip_idx": 41,
      "frame": 336,
      "time_sec": 33.6,
      "sleep_state": "眠気",
      "sleep_class": 1,
      "sleep_probs": {
        "集中": 0.04665625840425491,
        "眠気": 0.9533042907714844,
        "寝落ち": 3.9419468521373346e-05
      },
      "concentration": 0.999993085861206
    },
    {
      "clip_idx": 42,
      "frame": 344,
      "time_sec": 34.4,
      "sleep_state": "眠気",
      "sleep_class": 1,
      "sleep_probs": {
        "集中": 0.043219275772571564,
        "眠気": 0.956749439239502,
        "寝落ち": 3.131627454422414e-05
      },
      "concentration": 0.999994158744812
    },
    {
      "clip_idx": 43,
      "frame": 352,
      "time_sec": 35.2,
      "sleep_state": "眠気",
      "sleep_class": 1,
      "sleep_probs": {
        "集中": 0.04255727306008339,
        "眠気": 0.957412600517273,
        "寝落ち": 3.0148134101182222e-05
      },
      "concentration": 0.9999942779541016
    },
    {
      "clip_idx": 44,
      "frame": 360,
      "time_sec": 36.0,
      "sleep_state": "眠気",
      "sleep_class": 1,
      "sleep_probs": {
        "集中": 0.04270854592323303,
        "眠気": 0.9572605490684509,
        "寝落ち": 3.090108293690719e-05
      },
      "concentration": 0.9999940395355225
    },
    {
      "clip_idx": 45,
      "frame": 368,
      "time_sec": 36.8,
      "sleep_state": "眠気",
      "sleep_class": 1,
      "sleep_probs": {
        "集中": 0.04401824250817299,
        "眠気": 0.9559474587440491,
        "寝落ち": 3.4352982765994966e-05
      },
      "concentration": 0.9999932050704956
    },
    {
      "clip_idx": 46,
      "frame": 376,
      "time_sec": 37.6,
      "sleep_state": "眠気",
      "sleep_class": 1,
      "sleep_probs": {
        "集中": 0.04398314654827118,
        "眠気": 0.9559826254844666,
        "寝落ち": 3.423673115321435e-05
      },
      "concentration": 0.9999932050704956
    },
    {
      "clip_idx": 47,
      "frame": 384,
      "time_sec": 38.4,
      "sleep_state": "眠気",
      "sleep_class": 1,
      "sleep_probs": {
        "集中": 0.046095024794340134,
        "眠気": 0.9538657069206238,
        "寝落ち": 3.930296588805504e-05
      },
      "concentration": 0.9999926090240479
    },
    {
      "clip_idx": 48,
      "frame": 392,
      "time_sec": 39.2,
      "sleep_state": "眠気",
      "sleep_class": 1,
      "sleep_probs": {
        "集中": 0.04375919699668884,
        "眠気": 0.9562072157859802,
        "寝落ち": 3.359683614689857e-05
      },
      "concentration": 0.9999934434890747
    },
    {
      "clip_idx": 49,
      "frame": 400,
      "time_sec": 40.0,
      "sleep_state": "眠気",
      "sleep_class": 1,
      "sleep_probs": {
        "集中": 0.04200703650712967,
        "眠気": 0.957963228225708,
        "寝落ち": 2.9730388632742688e-05
      },
      "concentration": 0.9999938011169434
    },
    {
      "clip_idx": 50,
      "frame": 408,
      "time_sec": 40.8,
      "sleep_state": "眠気",
      "sleep_class": 1,
      "sleep_probs": {
        "集中": 0.043966758996248245,
        "眠気": 0.9559988379478455,
        "寝落ち": 3.434631071286276e-05
      },
      "concentration": 0.999992847442627
    },
    {
      "clip_idx": 51,
      "frame": 416,
      "time_sec": 41.6,
      "sleep_state": "眠気",
      "sleep_class": 1,
      "sleep_probs": {
        "集中": 0.04522867500782013,
        "眠気": 0.9547337889671326,
        "寝落ち": 3.748312155948952e-05
      },
      "concentration": 0.9999923706054688
    },
    {
      "clip_idx": 52,
      "frame": 424,
      "time_sec": 42.4,
      "sleep_state": "眠気",
      "sleep_class": 1,
      "sleep_probs": {
        "集中": 0.04647571220993996,
        "眠気": 0.9534837603569031,
        "寝落ち": 4.049079507240094e-05
      },
      "concentration": 0.9999920129776001
    },
    {
      "clip_idx": 53,
      "frame": 432,
      "time_sec": 43.2,
      "sleep_state": "眠気",
      "sleep_class": 1,
      "sleep_probs": {
        "集中": 0.0480630099773407,
        "眠気": 0.9518924951553345,
        "寝落ち": 4.448913023225032e-05
      },
      "concentration": 0.9999915361404419
    },
    {
      "clip_idx": 54,
      "frame": 440,
      "time_sec": 44.0,
      "sleep_state": "眠気",
      "sleep_class": 1,
      "sleep_probs": {
        "集中": 0.04529416561126709,
        "眠気": 0.9546685814857483,
        "寝落ち": 3.724940324900672e-05
      },
      "concentration": 0.9999927282333374
    },
    {
      "clip_idx": 55,
      "frame": 448,
      "time_sec": 44.8,
      "sleep_state": "眠気",
      "sleep_class": 1,
      "sleep_probs": {
        "集中": 0.04443545639514923,
        "眠気": 0.9555293321609497,
        "寝落ち": 3.522530823829584e-05
      },
      "concentration": 0.9999929666519165
    },
    {
      "clip_idx": 56,
      "frame": 456,
      "time_sec": 45.6,
      "sleep_state": "眠気",
      "sleep_class": 1,
      "sleep_probs": {
        "集中": 0.04606844112277031,
        "眠気": 0.9538922905921936,
        "寝落ち": 3.9297730836551636e-05
      },
      "concentration": 0.9999923706054688
    },
    {
      "clip_idx": 57,
      "frame": 464,
      "time_sec": 46.4,
      "sleep_state": "眠気",
      "sleep_class": 1,
      "sleep_probs": {
        "集中": 0.049454767256975174,
        "眠気": 0.9504968523979187,
        "寝落ち": 4.84372976643499e-05
      },
      "concentration": 0.9999909400939941
    },
    {
      "clip_idx": 58,
      "frame": 472,
      "time_sec": 47.2,
      "sleep_state": "眠気",
      "sleep_class": 1,
      "sleep_probs": {
        "集中": 0.05153350159525871,
        "眠気": 0.9484121799468994,
        "寝落ち": 5.4368225391954184e-05
      },
      "concentration": 0.9999902248382568
    },
    {
      "clip_idx": 59,
      "frame": 480,
      "time_sec": 48.0,
      "sleep_state": "眠気",
      "sleep_class": 1,
      "sleep_probs": {
        "集中": 0.051811277866363525,
        "眠気": 0.9481337666511536,
        "寝落ち": 5.493219941854477e-05
      },
      "concentration": 0.9999902248382568
    },
    {
      "clip_idx": 60,
      "frame": 488,
      "time_sec": 48.8,
      "sleep_state": "眠気",
      "sleep_class": 1,
      "sleep_probs": {
        "集中": 0.05106038600206375,
        "眠気": 0.9488868117332458,
        "寝落ち": 5.2780014812015e-05
      },
      "concentration": 0.9999904632568359
    },
    {
      "clip_idx": 61,
      "frame": 496,
      "time_sec": 49.6,
      "sleep_state": "眠気",
      "sleep_class": 1,
      "sleep_probs": {
        "集中": 0.04938090592622757,
        "眠気": 0.9505711793899536,
        "寝落ち": 4.7924284444889054e-05
      },
      "concentration": 0.9999910593032837
    },
    {
      "clip_idx": 62,
      "frame": 504,
      "time_sec": 50.4,
      "sleep_state": "眠気",
      "sleep_class": 1,
      "sleep_probs": {
        "集中": 0.049771085381507874,
        "眠気": 0.9501798748970032,
        "寝落ち": 4.904506931779906e-05
      },
      "concentration": 0.9999909400939941
    },
    {
      "clip_idx": 63,
      "frame": 512,
      "time_sec": 51.2,
      "sleep_state": "眠気",
      "sleep_class": 1,
      "sleep_probs": {
        "集中": 0.044224269688129425,
        "眠気": 0.955741286277771,
        "寝落ち": 3.44279469572939e-05
      },
      "concentration": 0.9999933242797852
    },
    {
      "clip_idx": 64,
      "frame": 520,
      "time_sec": 52.0,
      "sleep_state": "眠気",
      "sleep_class": 1,
      "sleep_probs": {
        "集中": 0.03725578263401985,
        "眠気": 0.9627240300178528,
        "寝落ち": 2.0193996533635072e-05
      },
      "concentration": 0.9999957084655762
    },
    {
      "clip_idx": 65,
      "frame": 528,
      "time_sec": 52.8,
      "sleep_state": "眠気",
      "sleep_class": 1,
      "sleep_probs": {
        "集中": 0.035170551389455795,
        "眠気": 0.9648124575614929,
        "寝落ち": 1.6970707292784937e-05
      },
      "concentration": 0.9999963045120239
    },
    {
      "clip_idx": 66,
      "frame": 536,
      "time_sec": 53.6,
      "sleep_state": "眠気",
      "sleep_class": 1,
      "sleep_probs": {
        "集中": 0.03435337916016579,
        "眠気": 0.9656307101249695,
        "寝落ち": 1.586059806868434e-05
      },
      "concentration": 0.9999964237213135
    },
    {
      "clip_idx": 67,
      "frame": 544,
      "time_sec": 54.4,
      "sleep_state": "眠気",
      "sleep_class": 1,
      "sleep_probs": {
        "集中": 0.03347742557525635,
        "眠気": 0.9665077924728394,
        "寝落ち": 1.4750663467566483e-05
      },
      "concentration": 0.999996542930603
    },
    {
      "clip_idx": 68,
      "frame": 552,
      "time_sec": 55.2,
      "sleep_state": "眠気",
      "sleep_class": 1,
      "sleep_probs": {
        "集中": 0.03362032026052475,
        "眠気": 0.9663645625114441,
        "寝落ち": 1.5077535863383673e-05
      },
      "concentration": 0.9999964237213135
    },
    {
      "clip_idx": 69,
      "frame": 560,
      "time_sec": 56.0,
      "sleep_state": "眠気",
      "sleep_class": 1,
      "sleep_probs": {
        "集中": 0.03430603817105293,
        "眠気": 0.9656778573989868,
        "寝落ち": 1.60606959980214e-05
      },
      "concentration": 0.9999961853027344
    },
    {
      "clip_idx": 70,
      "frame": 568,
      "time_sec": 56.8,
      "sleep_state": "眠気",
      "sleep_class": 1,
      "sleep_probs": {
        "集中": 0.034887105226516724,
        "眠気": 0.9650959372520447,
        "寝落ち": 1.702433110040147e-05
      },
      "concentration": 0.9999958276748657
    },
    {
      "clip_idx": 71,
      "frame": 576,
      "time_sec": 57.6,
      "sleep_state": "眠気",
      "sleep_class": 1,
      "sleep_probs": {
        "集中": 0.03677840530872345,
        "眠気": 0.9632014632225037,
        "寝落ち": 2.0169454728602432e-05
      },
      "concentration": 0.9999951124191284
    },
    {
      "clip_idx": 72,
      "frame": 584,
      "time_sec": 58.4,
      "sleep_state": "眠気",
      "sleep_class": 1,
      "sleep_probs": {
        "集中": 0.03811825066804886,
        "眠気": 0.9618592262268066,
        "寝落ち": 2.255603794765193e-05
      },
      "concentration": 0.9999946355819702
    },
    {
      "clip_idx": 73,
      "frame": 592,
      "time_sec": 59.2,
      "sleep_state": "眠気",
      "sleep_class": 1,
      "sleep_probs": {
        "集中": 0.03857043385505676,
        "眠気": 0.9614061713218689,
        "寝落ち": 2.3376140234177e-05
      },
      "concentration": 0.9999943971633911
    },
    {
      "clip_idx": 74,
      "frame": 600,
      "time_sec": 60.0,
      "sleep_state": "眠気",
      "sleep_class": 1,
      "sleep_probs": {
        "集中": 0.040380291640758514,
        "眠気": 0.9595929384231567,
        "寝落ち": 2.6818788683158346e-05
      },
      "concentration": 0.9999938011169434
    },
    {
      "clip_idx": 75,
      "frame": 608,
      "time_sec": 60.8,
      "sleep_state": "眠気",
      "sleep_class": 1,
      "sleep_probs": {
        "集中": 0.04278910160064697,
        "眠気": 0.957179069519043,
        "寝落ち": 3.1864503398537636e-05
      },
      "concentration": 0.9999929666519165
    },
    {
      "clip_idx": 76,
      "frame": 616,
      "time_sec": 61.6,
      "sleep_state": "眠気",
      "sleep_class": 1,
      "sleep_probs": {
        "集中": 0.04387281462550163,
        "眠気": 0.9560930132865906,
        "寝落ち": 3.421486326260492e-05
      },
      "concentration": 0.9999927282333374
    },
    {
      "clip_idx": 77,
      "frame": 624,
      "time_sec": 62.4,
      "sleep_state": "眠気",
      "sleep_class": 1,
      "sleep_probs": {
        "集中": 0.046103108674287796,
        "眠気": 0.9538573622703552,
        "寝落ち": 3.9538866985822096e-05
      },
      "concentration": 0.9999920129776001
    },
    {
      "clip_idx": 78,
      "frame": 632,
      "time_sec": 63.2,
      "sleep_state": "眠気",
      "sleep_class": 1,
      "sleep_probs": {
        "集中": 0.04845838248729706,
        "眠気": 0.9514960646629333,
        "寝落ち": 4.556636486086063e-05
      },
      "concentration": 0.9999912977218628
    },
    {
      "clip_idx": 79,
      "frame": 640,
      "time_sec": 64.0,
      "sleep_state": "眠気",
      "sleep_class": 1,
      "sleep_probs": {
        "集中": 0.049520041793584824,
        "眠気": 0.9504317045211792,
        "寝落ち": 4.8286943638231605e-05
      },
      "concentration": 0.9999910593032837
    },
    {
      "clip_idx": 80,
      "frame": 648,
      "time_sec": 64.8,
      "sleep_state": "眠気",
      "sleep_class": 1,
      "sleep_probs": {
        "集中": 0.052232835441827774,
        "眠気": 0.9477112293243408,
        "寝落ち": 5.598731149802916e-05
      },
      "concentration": 0.9999902248382568
    },
    {
      "clip_idx": 81,
      "frame": 656,
      "time_sec": 65.6,
      "sleep_state": "眠気",
      "sleep_class": 1,
      "sleep_probs": {
        "集中": 0.05289779603481293,
        "眠気": 0.947044312953949,
        "寝落ち": 5.7879726227838546e-05
      },
      "concentration": 0.9999899864196777
    },
    {
      "clip_idx": 82,
      "frame": 664,
      "time_sec": 66.4,
      "sleep_state": "眠気",
      "sleep_class": 1,
      "sleep_probs": {
        "集中": 0.0524933859705925,
        "眠気": 0.9474499225616455,
        "寝落ち": 5.663106276188046e-05
      },
      "concentration": 0.9999902248382568
    },
    {
      "clip_idx": 83,
      "frame": 672,
      "time_sec": 67.2,
      "sleep_state": "眠気",
      "sleep_class": 1,
      "sleep_probs": {
        "集中": 0.05121979862451553,
        "眠気": 0.9487273097038269,
        "寝落ち": 5.285318547976203e-05
      },
      "concentration": 0.999990701675415
    },
    {
      "clip_idx": 84,
      "frame": 680,
      "time_sec": 68.0,
      "sleep_state": "眠気",
      "sleep_class": 1,
      "sleep_probs": {
        "集中": 0.050900984555482864,
        "眠気": 0.9490469694137573,
        "寝落ち": 5.2108673116890714e-05
      },
      "concentration": 0.9999905824661255
    },
    {
      "clip_idx": 85,
      "frame": 688,
      "time_sec": 68.8,
      "sleep_state": "眠気",
      "sleep_class": 1,
      "sleep_probs": {
        "集中": 0.04931182786822319,
        "眠気": 0.9506406188011169,
        "寝落ち": 4.754034671350382e-05
      },
      "concentration": 0.9999912977218628
    },
    {
      "clip_idx": 86,
      "frame": 696,
      "time_sec": 69.6,
      "sleep_state": "眠気",
      "sleep_class": 1,
      "sleep_probs": {
        "集中": 0.049616508185863495,
        "眠気": 0.9503350853919983,
        "寝落ち": 4.838478344026953e-05
      },
      "concentration": 0.9999911785125732
    },
    {
      "clip_idx": 87,
      "frame": 704,
      "time_sec": 70.4,
      "sleep_state": "眠気",
      "sleep_class": 1,
      "sleep_probs": {
        "集中": 0.051001355051994324,
        "眠気": 0.9489461183547974,
        "寝落ち": 5.24770439369604e-05
      },
      "concentration": 0.9999905824661255
    },
    {
      "clip_idx": 88,
      "frame": 712,
      "time_sec": 71.2,
      "sleep_state": "眠気",
      "sleep_class": 1,
      "sleep_probs": {
        "集中": 0.048103924840688705,
        "眠気": 0.9518517851829529,
        "寝落ち": 4.4285989133641124e-05
      },
      "concentration": 0.9999916553497314
    },
    {
      "clip_idx": 89,
      "frame": 720,
      "time_sec": 72.0,
      "sleep_state": "眠気",
      "sleep_class": 1,
      "sleep_probs": {
        "集中": 0.04812036454677582,
        "眠気": 0.9518353939056396,
        "寝落ち": 4.421807898324914e-05
      },
      "concentration": 0.999991774559021
    },
    {
      "clip_idx": 90,
      "frame": 728,
      "time_sec": 72.8,
      "sleep_state": "眠気",
      "sleep_class": 1,
      "sleep_probs": {
        "集中": 0.044496532529592514,
        "眠気": 0.9554685950279236,
        "寝落ち": 3.493687108857557e-05
      },
      "concentration": 0.9999933242797852
    },
    {
      "clip_idx": 91,
      "frame": 736,
      "time_sec": 73.6,
      "sleep_state": "眠気",
      "sleep_class": 1,
      "sleep_probs": {
        "集中": 0.04004291817545891,
        "眠気": 0.9599317312240601,
        "寝落ち": 2.5386945708305575e-05
      },
      "concentration": 0.9999947547912598
    },
    {
      "clip_idx": 92,
      "frame": 744,
      "time_sec": 74.4,
      "sleep_state": "眠気",
      "sleep_class": 1,
      "sleep_probs": {
        "集中": 0.03830113634467125,
        "眠気": 0.9616764783859253,
        "寝落ち": 2.2324733436107635e-05
      },
      "concentration": 0.9999951124191284
    },
    {
      "clip_idx": 93,
      "frame": 752,
      "time_sec": 75.2,
      "sleep_state": "眠気",
      "sleep_class": 1,
      "sleep_probs": {
        "集中": 0.0382348895072937,
        "眠気": 0.961742639541626,
        "寝落ち": 2.2421329049393535e-05
      },
      "concentration": 0.9999949932098389
    },
    {
      "clip_idx": 94,
      "frame": 760,
      "time_sec": 76.0,
      "sleep_state": "眠気",
      "sleep_class": 1,
      "sleep_probs": {
        "集中": 0.03663754090666771,
        "眠気": 0.9633426666259766,
        "寝落ち": 1.9730598069145344e-05
      },
      "concentration": 0.9999953508377075
    },
    {
      "clip_idx": 95,
      "frame": 768,
      "time_sec": 76.8,
      "sleep_state": "眠気",
      "sleep_class": 1,
      "sleep_probs": {
        "集中": 0.036033306270837784,
        "眠気": 0.9639478921890259,
        "寝落ち": 1.881144635262899e-05
      },
      "concentration": 0.9999954700469971
    },
    {
      "clip_idx": 96,
      "frame": 776,
      "time_sec": 77.6,
      "sleep_state": "眠気",
      "sleep_class": 1,
      "sleep_probs": {
        "集中": 0.03577807918190956,
        "眠気": 0.9642034769058228,
        "寝落ち": 1.8459460989106447e-05
      },
      "concentration": 0.9999954700469971
    },
    {
      "clip_idx": 97,
      "frame": 784,
      "time_sec": 78.4,
      "sleep_state": "眠気",
      "sleep_class": 1,
      "sleep_probs": {
        "集中": 0.03422590345144272,
        "眠気": 0.9657580256462097,
        "寝落ち": 1.6104808310046792e-05
      },
      "concentration": 0.9999959468841553
    },
    {
      "clip_idx": 98,
      "frame": 792,
      "time_sec": 79.2,
      "sleep_state": "眠気",
      "sleep_class": 1,
      "sleep_probs": {
        "集中": 0.03415476903319359,
        "眠気": 0.9658293128013611,
        "寝落ち": 1.5965990314725786e-05
      },
      "concentration": 0.9999960660934448
    },
    {
      "clip_idx": 99,
      "frame": 800,
      "time_sec": 80.0,
      "sleep_state": "眠気",
      "sleep_class": 1,
      "sleep_probs": {
        "集中": 0.03525064140558243,
        "眠気": 0.9647316336631775,
        "寝落ち": 1.767355752235744e-05
      },
      "concentration": 0.9999955892562866
    },
    {
      "clip_idx": 100,
      "frame": 808,
      "time_sec": 80.8,
      "sleep_state": "眠気",
      "sleep_class": 1,
      "sleep_probs": {
        "集中": 0.03559231013059616,
        "眠気": 0.9643893837928772,
        "寝落ち": 1.8302958778804168e-05
      },
      "concentration": 0.9999953508377075
    },
    {
      "clip_idx": 101,
      "frame": 816,
      "time_sec": 81.6,
      "sleep_state": "眠気",
      "sleep_class": 1,
      "sleep_probs": {
        "集中": 0.034990597516298294,
        "眠気": 0.9649919867515564,
        "寝落ち": 1.7336795281153172e-05
      },
      "concentration": 0.9999955892562866
    },
    {
      "clip_idx": 102,
      "frame": 824,
      "time_sec": 82.4,
      "sleep_state": "眠気",
      "sleep_class": 1,
      "sleep_probs": {
        "集中": 0.03505100682377815,
        "眠気": 0.9649314880371094,
        "寝落ち": 1.7421893062419258e-05
      },
      "concentration": 0.9999955892562866
    },
    {
      "clip_idx": 103,
      "frame": 832,
      "time_sec": 83.2,
      "sleep_state": "眠気",
      "sleep_class": 1,
      "sleep_probs": {
        "集中": 0.0346556156873703,
        "眠気": 0.9653276205062866,
        "寝落ち": 1.6813073671073653e-05
      },
      "concentration": 0.9999957084655762
    },
    {
      "clip_idx": 104,
      "frame": 840,
      "time_sec": 84.0,
      "sleep_state": "眠気",
      "sleep_class": 1,
      "sleep_probs": {
        "集中": 0.03647247701883316,
        "眠気": 0.9635077714920044,
        "寝落ち": 1.9689821783686057e-05
      },
      "concentration": 0.9999951124191284
    },
    {
      "clip_idx": 105,
      "frame": 848,
      "time_sec": 84.8,
      "sleep_state": "眠気",
      "sleep_class": 1,
      "sleep_probs": {
        "集中": 0.038735531270504,
        "眠気": 0.9612407684326172,
        "寝落ち": 2.3686850909143686e-05
      },
      "concentration": 0.9999943971633911
    },
    {
      "clip_idx": 106,
      "frame": 856,
      "time_sec": 85.6,
      "sleep_state": "眠気",
      "sleep_class": 1,
      "sleep_probs": {
        "集中": 0.03667224198579788,
        "眠気": 0.9633078575134277,
        "寝落ち": 1.9928806068492122e-05
      },
      "concentration": 0.9999951124191284
    },
    {
      "clip_idx": 107,
      "frame": 864,
      "time_sec": 86.4,
      "sleep_state": "眠気",
      "sleep_class": 1,
      "sleep_probs": {
        "集中": 0.035507217049598694,
        "眠気": 0.9644747376441956,
        "寝落ち": 1.7976493836613372e-05
      },
      "concentration": 0.9999955892562866
    },
    {
      "clip_idx": 108,
      "frame": 872,
      "time_sec": 87.2,
      "sleep_state": "眠気",
      "sleep_class": 1,
      "sleep_probs": {
        "集中": 0.038050103932619095,
        "眠気": 0.961927592754364,
        "寝落ち": 2.2257403543335386e-05
      },
      "concentration": 0.9999947547912598
    },
    {
      "clip_idx": 109,
      "frame": 880,
      "time_sec": 88.0,
      "sleep_state": "眠気",
      "sleep_class": 1,
      "sleep_probs": {
        "集中": 0.03602776303887367,
        "眠気": 0.96395343542099,
        "寝落ち": 1.8805565559887327e-05
      },
      "concentration": 0.9999954700469971
    },
    {
      "clip_idx": 110,
      "frame": 888,
      "time_sec": 88.8,
      "sleep_state": "眠気",
      "sleep_class": 1,
      "sleep_probs": {
        "集中": 0.03559771552681923,
        "眠気": 0.9643840789794922,
        "寝落ち": 1.8190223272540607e-05
      },
      "concentration": 0.9999954700469971
    },
    {
      "clip_idx": 111,
      "frame": 896,
      "time_sec": 89.6,
      "sleep_state": "眠気",
      "sleep_class": 1,
      "sleep_probs": {
        "集中": 0.0358751080930233,
        "眠気": 0.9641062021255493,
        "寝落ち": 1.868491744971834e-05
      },
      "concentration": 0.9999953508377075
    },
    {
      "clip_idx": 112,
      "frame": 904,
      "time_sec": 90.4,
      "sleep_state": "眠気",
      "sleep_class": 1,
      "sleep_probs": {
        "集中": 0.0353032648563385,
        "眠気": 0.964678943157196,
        "寝落ち": 1.7783180737751536e-05
      },
      "concentration": 0.9999955892562866
    },
    {
      "clip_idx": 113,
      "frame": 912,
      "time_sec": 91.2,
      "sleep_state": "眠気",
      "sleep_class": 1,
      "sleep_probs": {
        "集中": 0.034595608711242676,
        "眠気": 0.9653877019882202,
        "寝落ち": 1.6699190382496454e-05
      },
      "concentration": 0.9999958276748657
    },
    {
      "clip_idx": 114,
      "frame": 920,
      "time_sec": 92.0,
      "sleep_state": "眠気",
      "sleep_class": 1,
      "sleep_probs": {
        "集中": 0.036502450704574585,
        "眠気": 0.9634777903556824,
        "寝落ち": 1.972550126083661e-05
      },
      "concentration": 0.9999951124191284
    },
    {
      "clip_idx": 115,
      "frame": 928,
      "time_sec": 92.8,
      "sleep_state": "眠気",
      "sleep_class": 1,
      "sleep_probs": {
        "集中": 0.036099422723054886,
        "眠気": 0.9638815522193909,
        "寝落ち": 1.906870602397248e-05
      },
      "concentration": 0.999995231628418
    },
    {
      "clip_idx": 116,
      "frame": 936,
      "time_sec": 93.6,
      "sleep_state": "眠気",
      "sleep_class": 1,
      "sleep_probs": {
        "集中": 0.03642522171139717,
        "眠気": 0.9635551571846008,
        "寝落ち": 1.964178227353841e-05
      },
      "concentration": 0.9999951124191284
    },
    {
      "clip_idx": 117,
      "frame": 944,
      "time_sec": 94.4,
      "sleep_state": "眠気",
      "sleep_class": 1,
      "sleep_probs": {
        "集中": 0.03865247964859009,
        "眠気": 0.9613239765167236,
        "寝落ち": 2.3540938855148852e-05
      },
      "concentration": 0.9999942779541016
    },
    {
      "clip_idx": 118,
      "frame": 952,
      "time_sec": 95.2,
      "sleep_state": "眠気",
      "sleep_class": 1,
      "sleep_probs": {
        "集中": 0.03721662238240242,
        "眠気": 0.9627624750137329,
        "寝落ち": 2.0883122488157824e-05
      },
      "concentration": 0.9999948740005493
    },
    {
      "clip_idx": 119,
      "frame": 960,
      "time_sec": 96.0,
      "sleep_state": "眠気",
      "sleep_class": 1,
      "sleep_probs": {
        "集中": 0.03636067360639572,
        "眠気": 0.9636198878288269,
        "寝落ち": 1.9430051906965673e-05
      },
      "concentration": 0.999995231628418
    },
    {
      "clip_idx": 120,
      "frame": 968,
      "time_sec": 96.8,
      "sleep_state": "眠気",
      "sleep_class": 1,
      "sleep_probs": {
        "集中": 0.03778957203030586,
        "眠気": 0.9621884226799011,
        "寝落ち": 2.1935988115728833e-05
      },
      "concentration": 0.9999946355819702
    },
    {
      "clip_idx": 121,
      "frame": 976,
      "time_sec": 97.6,
      "sleep_state": "眠気",
      "sleep_class": 1,
      "sleep_probs": {
        "集中": 0.03785363584756851,
        "眠気": 0.9621243476867676,
        "寝落ち": 2.2046975573175587e-05
      },
      "concentration": 0.9999946355819702
    },
    {
      "clip_idx": 122,
      "frame": 984,
      "time_sec": 98.4,
      "sleep_state": "眠気",
      "sleep_class": 1,
      "sleep_probs": {
        "集中": 0.037089549005031586,
        "眠気": 0.9628897905349731,
        "寝落ち": 2.0630885046557523e-05
      },
      "concentration": 0.9999949932098389
    },
    {
      "clip_idx": 123,
      "frame": 992,
      "time_sec": 99.2,
      "sleep_state": "眠気",
      "sleep_class": 1,
      "sleep_probs": {
        "集中": 0.03614718094468117,
        "眠気": 0.9638338088989258,
        "寝落ち": 1.8991973774973303e-05
      },
      "concentration": 0.9999954700469971
    },
    {
      "clip_idx": 124,
      "frame": 1000,
      "time_sec": 100.0,
      "sleep_state": "眠気",
      "sleep_class": 1,
      "sleep_probs": {
        "集中": 0.03530022129416466,
        "眠気": 0.9646821618080139,
        "寝落ち": 1.764432636264246e-05
      },
      "concentration": 0.9999957084655762
    },
    {
      "clip_idx": 125,
      "frame": 1008,
      "time_sec": 100.8,
      "sleep_state": "眠気",
      "sleep_class": 1,
      "sleep_probs": {
        "集中": 0.0357326939702034,
        "眠気": 0.9642490744590759,
        "寝落ち": 1.8281180018675514e-05
      },
      "concentration": 0.9999955892562866
    },
    {
      "clip_idx": 126,
      "frame": 1016,
      "time_sec": 101.6,
      "sleep_state": "眠気",
      "sleep_class": 1,
      "sleep_probs": {
        "集中": 0.034978631883859634,
        "眠気": 0.9650042057037354,
        "寝落ち": 1.711603908916004e-05
      },
      "concentration": 0.9999958276748657
    },
    {
      "clip_idx": 127,
      "frame": 1024,
      "time_sec": 102.4,
      "sleep_state": "眠気",
      "sleep_class": 1,
      "sleep_probs": {
        "集中": 0.03311144933104515,
        "眠気": 0.9668740630149841,
        "寝落ち": 1.451304979127599e-05
      },
      "concentration": 0.9999963045120239
    },
    {
      "clip_idx": 128,
      "frame": 1032,
      "time_sec": 103.2,
      "sleep_state": "眠気",
      "sleep_class": 1,
      "sleep_probs": {
        "集中": 0.0338151790201664,
        "眠気": 0.9661693572998047,
        "寝落ち": 1.5502791939070448e-05
      },
      "concentration": 0.9999960660934448
    },
    {
      "clip_idx": 129,
      "frame": 1040,
      "time_sec": 104.0,
      "sleep_state": "眠気",
      "sleep_class": 1,
      "sleep_probs": {
        "集中": 0.03482052683830261,
        "眠気": 0.965162456035614,
        "寝落ち": 1.7021155144902878e-05
      },
      "concentration": 0.9999958276748657
    },
    {
      "clip_idx": 130,
      "frame": 1048,
      "time_sec": 104.8,
      "sleep_state": "眠気",
      "sleep_class": 1,
      "sleep_probs": {
        "集中": 0.03429894521832466,
        "眠気": 0.9656847715377808,
        "寝落ち": 1.6324143871315755e-05
      },
      "concentration": 0.9999958276748657
    },
    {
      "clip_idx": 131,
      "frame": 1056,
      "time_sec": 105.6,
      "sleep_state": "眠気",
      "sleep_class": 1,
      "sleep_probs": {
        "集中": 0.03451995179057121,
        "眠気": 0.9654633402824402,
        "寝落ち": 1.6677246094332077e-05
      },
      "concentration": 0.9999957084655762
    },
    {
      "clip_idx": 132,
      "frame": 1064,
      "time_sec": 106.4,
      "sleep_state": "眠気",
      "sleep_class": 1,
      "sleep_probs": {
        "集中": 0.03515658900141716,
        "眠気": 0.9648257493972778,
        "寝落ち": 1.7642005332163535e-05
      },
      "concentration": 0.9999954700469971
    },
    {
      "clip_idx": 133,
      "frame": 1072,
      "time_sec": 107.2,
      "sleep_state": "眠気",
      "sleep_class": 1,
      "sleep_probs": {
        "集中": 0.033457014709711075,
        "眠気": 0.9665278196334839,
        "寝落ち": 1.5116656868485734e-05
      },
      "concentration": 0.9999960660934448
    },
    {
      "clip_idx": 134,
      "frame": 1080,
      "time_sec": 108.0,
      "sleep_state": "眠気",
      "sleep_class": 1,
      "sleep_probs": {
        "集中": 0.03378906846046448,
        "眠気": 0.966195285320282,
        "寝落ち": 1.5602987332385965e-05
      },
      "concentration": 0.9999959468841553
    },
    {
      "clip_idx": 135,
      "frame": 1088,
      "time_sec": 108.8,
      "sleep_state": "眠気",
      "sleep_class": 1,
      "sleep_probs": {
        "集中": 0.03463515266776085,
        "眠気": 0.965347945690155,
        "寝落ち": 1.6874439097591676e-05
      },
      "concentration": 0.9999955892562866
    },
    {
      "clip_idx": 136,
      "frame": 1096,
      "time_sec": 109.6,
      "sleep_state": "眠気",
      "sleep_class": 1,
      "sleep_probs": {
        "集中": 0.03383594751358032,
        "眠気": 0.966148316860199,
        "寝落ち": 1.5675486793043092e-05
      },
      "concentration": 0.9999959468841553
    },
    {
      "clip_idx": 137,
      "frame": 1104,
      "time_sec": 110.4,
      "sleep_state": "眠気",
      "sleep_class": 1,
      "sleep_probs": {
        "集中": 0.03341163694858551,
        "眠気": 0.9665733575820923,
        "寝落ち": 1.5039975551189855e-05
      },
      "concentration": 0.9999960660934448
    },
    {
      "clip_idx": 138,
      "frame": 1112,
      "time_sec": 111.2,
      "sleep_state": "眠気",
      "sleep_class": 1,
      "sleep_probs": {
        "集中": 0.033307190984487534,
        "眠気": 0.9666779637336731,
        "寝落ち": 1.485574830439873e-05
      },
      "concentration": 0.9999961853027344
    },
    {
      "clip_idx": 139,
      "frame": 1120,
      "time_sec": 112.0,
      "sleep_state": "眠気",
      "sleep_class": 1,
      "sleep_probs": {
        "集中": 0.03335047513246536,
        "眠気": 0.9666346311569214,
        "寝落ち": 1.4927139091014396e-05
      },
      "concentration": 0.9999961853027344
    },
    {
      "clip_idx": 140,
      "frame": 1128,
      "time_sec": 112.8,
      "sleep_state": "眠気",
      "sleep_class": 1,
      "sleep_probs": {
        "集中": 0.0333915539085865,
        "眠気": 0.9665933847427368,
        "寝落ち": 1.4981450476625469e-05
      },
      "concentration": 0.9999961853027344
    },
    {
      "clip_idx": 141,
      "frame": 1136,
      "time_sec": 113.6,
      "sleep_state": "眠気",
      "sleep_class": 1,
      "sleep_probs": {
        "集中": 0.03450930863618851,
        "眠気": 0.965474009513855,
        "寝落ち": 1.6643238268443383e-05
      },
      "concentration": 0.9999957084655762
    },
    {
      "clip_idx": 142,
      "frame": 1144,
      "time_sec": 114.4,
      "sleep_state": "眠気",
      "sleep_class": 1,
      "sleep_probs": {
        "集中": 0.03509191423654556,
        "眠気": 0.9648905396461487,
        "寝落ち": 1.7567554095876403e-05
      },
      "concentration": 0.9999954700469971
    },
    {
      "clip_idx": 143,
      "frame": 1152,
      "time_sec": 115.2,
      "sleep_state": "眠気",
      "sleep_class": 1,
      "sleep_probs": {
        "集中": 0.03612567484378815,
        "眠気": 0.9638552069664001,
        "寝落ち": 1.9189516024198383e-05
      },
      "concentration": 0.9999951124191284
    },
    {
      "clip_idx": 144,
      "frame": 1160,
      "time_sec": 116.0,
      "sleep_state": "眠気",
      "sleep_class": 1,
      "sleep_probs": {
        "集中": 0.037165481597185135,
        "眠気": 0.9628136157989502,
        "寝落ち": 2.0841693185502663e-05
      },
      "concentration": 0.9999948740005493
    },
    {
      "clip_idx": 145,
      "frame": 1168,
      "time_sec": 116.8,
      "sleep_state": "眠気",
      "sleep_class": 1,
      "sleep_probs": {
        "集中": 0.03590158000588417,
        "眠気": 0.964079737663269,
        "寝落ち": 1.8706938135437667e-05
      },
      "concentration": 0.9999953508377075
    },
    {
      "clip_idx": 146,
      "frame": 1176,
      "time_sec": 117.6,
      "sleep_state": "眠気",
      "sleep_class": 1,
      "sleep_probs": {
        "集中": 0.03427823632955551,
        "眠気": 0.9657055735588074,
        "寝落ち": 1.6204503481276333e-05
      },
      "concentration": 0.9999958276748657
    },
    {
      "clip_idx": 147,
      "frame": 1184,
      "time_sec": 118.4,
      "sleep_state": "眠気",
      "sleep_class": 1,
      "sleep_probs": {
        "集中": 0.033856891095638275,
        "眠気": 0.9661275148391724,
        "寝落ち": 1.558800067869015e-05
      },
      "concentration": 0.9999960660934448
    },
    {
      "clip_idx": 148,
      "frame": 1192,
      "time_sec": 119.2,
      "sleep_state": "眠気",
      "sleep_class": 1,
      "sleep_probs": {
        "集中": 0.033975061029195786,
        "眠気": 0.9660091400146484,
        "寝落ち": 1.574721136421431e-05
      },
      "concentration": 0.9999960660934448
    },
    {
      "clip_idx": 149,
      "frame": 1200,
      "time_sec": 120.0,
      "sleep_state": "眠気",
      "sleep_class": 1,
      "sleep_probs": {
        "集中": 0.034954268485307693,
        "眠気": 0.9650285243988037,
        "寝落ち": 1.721991429803893e-05
      },
      "concentration": 0.9999957084655762
    },
    {
      "clip_idx": 150,
      "frame": 1208,
      "time_sec": 120.8,
      "sleep_state": "眠気",
      "sleep_class": 1,
      "sleep_probs": {
        "集中": 0.03699579834938049,
        "眠気": 0.9629836082458496,
        "寝落ち": 2.0563356883940287e-05
      },
      "concentration": 0.9999949932098389
    },
    {
      "clip_idx": 151,
      "frame": 1216,
      "time_sec": 121.6,
      "sleep_state": "眠気",
      "sleep_class": 1,
      "sleep_probs": {
        "集中": 0.03679049760103226,
        "眠気": 0.9631892442703247,
        "寝落ち": 2.0207571651553735e-05
      },
      "concentration": 0.9999951124191284
    },
    {
      "clip_idx": 152,
      "frame": 1224,
      "time_sec": 122.4,
      "sleep_state": "眠気",
      "sleep_class": 1,
      "sleep_probs": {
        "集中": 0.037147652357816696,
        "眠気": 0.9628316164016724,
        "寝落ち": 2.0766270608874038e-05
      },
      "concentration": 0.9999949932098389
    },
    {
      "clip_idx": 153,
      "frame": 1232,
      "time_sec": 123.2,
      "sleep_state": "眠気",
      "sleep_class": 1,
      "sleep_probs": {
        "集中": 0.036410748958587646,
        "眠気": 0.9635696411132812,
        "寝落ち": 1.9549237549654208e-05
      },
      "concentration": 0.999995231628418
    },
    {
      "clip_idx": 154,
      "frame": 1240,
      "time_sec": 124.0,
      "sleep_state": "眠気",
      "sleep_class": 1,
      "sleep_probs": {
        "集中": 0.034847062081098557,
        "眠気": 0.9651358127593994,
        "寝落ち": 1.714014979370404e-05
      },
      "concentration": 0.9999955892562866
    }
  ]
}
================================================================================
